id,country,email_address,created_at
7a8e761b-8797-4c2b-8d81-a0f8b223b5f1,Pitcairn Islands,elizabeth.miles9126@example.com,2024-07-02T08:32:28
e55a9382-739f-4e33-95ba-7b83b3a364ef,Marshall Islands,charles.reid3599@example.com,2022-10-14T23:14:37
7ecb1bf2-ba39-434c-b91c-c92d7a0c77c5,Uzbekistan,frank.gray5314@example.com,2024-06-19T20:57:04
32acb78c-0b16-4858-88e7-9268a4f26b87,Greece,hailey.robinson917@example.com,2021-12-25T13:32:55
45130942-f64b-4cec-8dbe-8043114af59c,Germany,jeremy.johnson3753@example.com,2023-06-14T20:32:17
fb347fa4-8f1b-499a-9e6c-d58ab0d2adc3,Western Sahara,joseph.clark526@example.com,2024-02-27T18:02:08
9f1b646f-5a76-4a5b-bd58-ecc665124b82,Palau,nancy.edwards5169@example.com,2023-11-14T04:43:16
a180bd2d-6899-4d68-b691-d894759bbfca,Kuwait,randall.rocha6573@example.com,2022-05-09T14:40:11
91b5fab1-5df1-4a85-b816-d49d06bb2177,Moldova,joseph.wright4387@example.com,2024-01-14T22:33:38
c8d711fe-38c4-47d4-858c-e7425e5b5e75,Ukraine,jose.richards1085@example.com,2024-03-24T03:42:54
fe3940e0-7e5f-448c-a8db-adcf5b538e7e,Burundi,reginald.robinson3457@example.com,2023-11-30T04:32:52
84809eaa-263c-4aa8-b0c2-86371e52bedb,Tokelau,trevor.campos9293@example.com,2022-03-19T00:02:48
e7886257-70e7-41ad-bb41-ce3a3c4845bd,Pitcairn Islands,eric.moore5156@example.com,2023-07-17T11:17:42
4ab05875-3e57-4368-b49d-27094071cb0d,Nauru,candace.cruz3484@example.com,2023-09-26T18:11:43
8f9a83ab-2162-4233-a46c-4f42f28216e0,Tokelau,allison.maddox8180@example.com,2021-10-17T12:04:27
23ecd125-4702-42bf-9e45-6b1dbe9ae628,Turks and Caicos Islands,erin.wilson6483@example.com,2024-01-11T19:44:08
4eeb0f65-10f6-4878-8839-fa7afbb0191c,Guam,karen.mack7518@example.com,2022-03-21T22:59:50
5d26a436-565b-4388-a8b6-448c39ca0122,Afghanistan,kelly.moore2341@example.com,2022-11-12T19:53:10
74f6f495-1ede-4df1-8992-c67aad0548e1,Macedonia,teresa.gill4340@example.com,2022-03-13T23:18:49
778ec89c-28be-4b45-8907-26e3a8fd8aee,Northern Mariana Islands,monica.evans2288@example.com,2023-11-27T07:04:29
b744e80f-9951-47ca-b950-60120c17b7a0,Serbia,chelsea.hernandez4041@example.com,2022-06-07T15:00:55
cbe5f41d-e30d-4281-b66a-89a0b7ac854b,Malta,amber.osborne9198@example.com,2021-09-30T13:21:09
42de24e2-fd93-4ac2-8040-5384b2adffc3,Bouvet Island (Bouvetoya),carol.burns8831@example.com,2023-04-16T12:56:04
61f88b4c-c397-479f-9f7c-0c6d17219ab1,Gambia,natasha.decker4305@example.com,2022-10-06T15:27:36
365c9b72-32ee-40f3-8e35-03f76e79bb4e,Yemen,brian.humphrey9578@example.com,2022-01-30T00:18:23
2f73bb4f-3b3d-4238-8a82-a381c8583b74,Bangladesh,christopher.tucker7020@example.com,2024-01-05T04:45:22
2abd822a-8929-4c7e-bfd9-f89873a9b4c3,Lebanon,katie.anderson9561@example.com,2024-01-31T18:11:40
a123ec0f-2ef2-43bd-8c7f-a07e5eeb481d,Netherlands,frederick.rose6544@example.com,2023-07-18T23:45:23
14ce7710-6766-4323-bb9b-b98e2995925f,Saudi Arabia,tamara.hickman5931@example.com,2024-09-05T08:09:37
b5b7f220-e08d-4900-b083-e8a50d1160dc,Paraguay,james.collins3594@example.com,2024-07-05T05:14:27
380c6ca5-3e15-481a-acdc-889c1c5dc6db,Korea,nathaniel.lam2267@example.com,2022-04-05T15:23:39
2ff76900-2aab-4cb5-af27-be6f5f20025e,Angola,john.brown8349@example.com,2024-03-31T13:46:10
f20de2b5-8854-4f0f-a3d6-d87263507ba2,Albania,angela.chapman8086@example.com,2022-01-17T22:50:41
91f94171-9ef8-487f-aa3f-8158171d4220,Bangladesh,jean.brown1490@example.com,2021-11-17T11:11:26
bd107063-8573-4fd3-b39d-2fbde52777db,Dominica,michele.jones772@example.com,2022-12-06T06:24:56
ed274212-ee02-4aa4-9379-b15bfd8480f1,Bulgaria,elizabeth.lewis1797@example.com,2024-03-04T18:03:37
74ac3f20-a266-47c8-a774-5adad4efff60,Lebanon,barbara.sanchez2505@example.com,2023-06-24T00:19:34
7a171e3f-a04d-4dfe-a235-1ae70f2adbe7,Jersey,james.davis2622@example.com,2023-04-03T01:12:05
b7a7605b-d7db-4bb4-947a-58e9086b4f1e,Saint Lucia,rodney.owens6917@example.com,2021-12-22T19:40:44
491bfc41-bdad-4238-8cef-0c970734ce4f,Bolivia,emily.joyce9772@example.com,2022-01-01T19:50:06
36e2093b-364c-458b-b03a-84a1b5b2b66e,Tokelau,richard.morgan1041@example.com,2022-03-18T09:52:32
5bb2b223-78d2-4f8c-aa76-766f645d7179,Kiribati,john.lee6305@example.com,2022-05-05T10:24:20
1e660714-a353-4309-9327-4f463e8b5273,Egypt,robert.ramirez6253@example.com,2022-01-24T18:34:59
1f8bc2bd-b635-45d6-8857-9101cbdd09ff,Mayotte,scott.callahan9764@example.com,2022-02-28T18:19:58
5af2a013-442e-4d1d-ba21-afddca5c00c3,Taiwan,brent.kidd7669@example.com,2021-10-22T14:14:36
6e87811b-dd5e-4dc4-a7de-7227104c1b7f,Thailand,tanya.house8670@example.com,2022-10-01T20:53:49
ceb5c106-de4e-4ea2-a12d-c1dc2b643f6e,Croatia,gabriel.tucker4120@example.com,2023-06-14T15:53:47
502cb295-6b77-4d00-ae9b-f123946bc776,Afghanistan,rachel.martin9065@example.com,2023-05-29T04:00:32
4417cd42-b550-49d1-ad1f-fc3bcf866521,Korea,joseph.bowers189@example.com,2022-12-16T18:53:34
8b28bb27-5b01-4523-97c8-1886c97cfef3,Slovenia,rodney.bernard1877@example.com,2024-02-10T00:34:32
bc918116-5953-47d5-ae97-206cd156be54,Comoros,dorothy.tucker8798@example.com,2023-01-03T14:06:01
7d7f4cdb-e407-43f5-9ee6-fb6992d8c1f5,Saint Pierre and Miquelon,jeff.brown4372@example.com,2024-01-19T22:31:59
304480d6-9bcc-4ea9-b2d0-2642a8c5d8d1,Australia,bruce.edwards5574@example.com,2024-03-25T03:45:00
36e21253-5360-460e-8eae-0ecdfedd3e32,Malta,thomas.calhoun1828@example.com,2022-06-01T05:32:54
cbb04e29-31cc-4d3b-b425-e25b76f37479,Thailand,brian.romero4809@example.com,2022-07-15T08:05:15
b600516a-0898-49ba-b3b8-035cf25cc390,Tokelau,casey.jones7124@example.com,2022-09-30T01:04:03
adf3f022-cb81-4d8e-b1f9-25c4a67446f8,Mongolia,richard.david2592@example.com,2022-10-17T03:36:15
f80300a9-6cff-4fa8-a6f8-82f3e069067c,Belgium,beth.williams7434@example.com,2023-07-12T21:52:06
633c1c85-c92c-42af-8e5e-d92a3f839bed,Germany,diane.cunningham54@example.com,2022-11-08T18:04:50
385ea931-efc2-4e11-8079-99d0f162784a,Dominican Republic,james.moran4316@example.com,2022-11-16T06:51:27
5a1892c6-5e1c-410f-a8e5-76cf8dbee4f5,French Southern Territories,randy.powers8202@example.com,2023-09-09T22:35:54
cdc006be-7aa8-4811-ac29-677db32d70c1,Barbados,leslie.walton2928@example.com,2021-10-14T03:20:10
f476b2ca-7019-4d61-b504-523bcb17a942,Bolivia,stephen.murillo8318@example.com,2022-01-21T11:23:18
56223ea6-ace5-4c8d-8bdf-33ceaa2deb65,Bulgaria,amanda.wagner1744@example.com,2023-03-25T20:01:23
d5fa579f-6b98-4185-9edd-102852148df0,Heard Island and McDonald Islands,nicole.suarez4890@example.com,2022-12-16T09:07:51
d2ec43f4-52e1-4286-8970-ee24f3028e17,Romania,eric.bass8318@example.com,2023-01-12T14:41:14
e1c14d1e-782b-44ab-b302-bdf85da72149,Palau,cheryl.archer9978@example.com,2023-12-30T08:22:09
6c0ebe45-d371-4fc8-a95b-1596f6fbf294,French Southern Territories,alan.montoya3259@example.com,2024-07-26T04:57:17
cb95246a-3d23-430c-ad50-5f509fcdfb04,Estonia,dale.humphrey2505@example.com,2022-03-27T23:31:24
8e4927d2-4549-47fd-b60e-4bfb0c125c1c,Cape Verde,pamela.newton6127@example.com,2022-11-26T17:54:29
921179d9-f1ec-4851-8751-a995555036b9,Guam,juan.clark2647@example.com,2022-08-11T22:41:19
b71acea9-78d7-4881-a1d5-c760968bb3fe,Macedonia,grace.farrell8838@example.com,2023-10-28T13:49:06
0cd4efac-bb31-4ee6-af86-64f2c8aa740c,Austria,john.odonnell8690@example.com,2022-02-20T01:10:01
86a55782-d88f-4090-9a51-b4254db1878b,Aruba,cynthia.calderon10@example.com,2021-10-05T04:13:25
9063ca98-b76d-448e-8918-be176de10522,Estonia,matthew.anderson9814@example.com,2022-06-07T16:14:36
689dc8b6-f022-4e62-bebb-8ced9e969a40,Japan,joyce.arnold5311@example.com,2024-02-18T00:09:16
9c5626bd-2d74-443e-95a5-e11cd9dcc265,Turks and Caicos Islands,alec.jones8006@example.com,2024-09-07T03:06:34
72472d70-5d1b-4b00-adf6-25961f1bf838,Syrian Arab Republic,rebecca.gardner320@example.com,2023-04-26T05:24:01
97a4401b-1561-4508-92a2-53e154e4c072,Brunei Darussalam,brandi.hernandez1833@example.com,2021-12-03T15:31:25
41bb8200-df68-46ff-9761-0a84a1ad2f27,South Africa,kyle.nolan5948@example.com,2021-11-30T15:25:10
f44e7cb7-5cd1-4788-9546-1a9072bd0f47,Egypt,rachel.clark5039@example.com,2024-07-31T17:06:38
5a0b3c30-52aa-444b-a762-a97660d3942e,Turks and Caicos Islands,curtis.deleon3924@example.com,2023-06-22T22:52:40
afd3aa1a-df8b-497c-ba27-6ad72b4fdd10,Uzbekistan,terri.brady950@example.com,2022-10-02T10:14:17
20aed6b5-c289-440c-a134-bb34dc407bc4,Sudan,michelle.cherry3947@example.com,2022-07-01T17:01:17
e3c1d6a3-5c3f-479a-9089-77ae55a7f1e2,Saint Pierre and Miquelon,nicole.johnson9296@example.com,2023-02-27T16:48:09
7e455195-d0e9-4557-b0a2-2756718b7740,Paraguay,kimberly.jenkins1291@example.com,2022-10-20T04:22:34
3c813f07-800b-49cc-b02e-c055062d0700,Botswana,joseph.cobb1404@example.com,2023-05-16T22:13:11
bc746b02-5d1d-43a1-91f7-78179cb1c8c2,Cyprus,monica.garrison7963@example.com,2022-08-05T16:38:42
d4b91102-0146-4978-bc61-695b6b7bb77d,Gambia,lisa.stevens1134@example.com,2022-09-18T05:24:20
4fc5c6b8-4504-46cc-b2d3-92f5eb4d6a99,Iran,jeffrey.keller8728@example.com,2023-02-21T14:31:24
6f81ac63-0c49-43d4-a339-7ecc76501d12,Sierra Leone,joshua.jones2061@example.com,2022-12-07T06:33:53
4d85c74e-1290-4850-8169-0d887c57eb57,Philippines,michael.hicks2104@example.com,2024-01-10T15:36:08
fdc54d30-f79a-447a-821a-7466bf68d942,Turkey,mark.johnson7788@example.com,2022-11-09T10:50:21
a99fcda6-1f2a-47a3-93cc-62f88122cdb4,Estonia,gregory.estes9008@example.com,2021-11-28T02:21:45
0f8d6389-6675-4158-ac0b-d65597f802a9,Saint Lucia,daniel.hamilton2706@example.com,2023-01-29T22:46:07
9937e222-2006-449a-b9ff-2a2432ae85d4,Brazil,samuel.joyce4343@example.com,2023-05-21T01:09:26
206b6a1d-7ff0-49aa-b72c-0b61d1407966,Aruba,rachel.lee8646@example.com,2023-08-08T01:26:00
0ab5c094-3fb1-4898-ae5b-c3b894f0ef03,Martinique,aaron.frost9939@example.com,2024-08-31T15:55:16
4dc490bd-020c-4764-884d-4c5875ad816d,Paraguay,jennifer.harmon6933@example.com,2022-08-01T18:01:58
63597d90-3487-459f-a6b0-961e16f4d18c,Papua New Guinea,michael.jones3471@example.com,2023-02-24T14:46:49
beed7023-153e-4809-9bdf-7d514caed1f9,British Virgin Islands,cindy.alvarado8836@example.com,2023-01-09T04:51:23
ef23829b-ce1c-4ef0-83d3-d7c4af2bcb48,Greece,william.estrada3296@example.com,2023-06-16T18:36:16
445e8967-4bbb-4da0-9270-adff3374cf60,Congo,heidi.spencer5108@example.com,2023-07-14T19:24:22
9c2fb860-27c8-48da-a753-b397b534e4e2,San Marino,elizabeth.gray6538@example.com,2022-06-27T00:14:25
41f7ee62-3bc7-4ec8-875e-fbb99004eb05,Mayotte,christina.turner6119@example.com,2021-09-30T07:09:55
1c0810c4-8dcc-4e9a-8a19-ec3f3f228b9e,Solomon Islands,kevin.clark7178@example.com,2024-03-18T15:25:50
434aa7d0-1abc-4f64-8dc1-37c40e33c1da,Kenya,catherine.morris8480@example.com,2023-08-17T12:56:34
e5d7c84e-8a74-486b-acb5-2f9d0929212c,South Africa,emma.dixon7398@example.com,2022-06-20T06:35:04
dad510fb-1231-4506-8f6c-0ef076f51f0c,Panama,donna.campbell1983@example.com,2024-06-08T21:46:34
dafbcf21-aaa8-4b6f-a988-0781fc66a7b9,Zambia,christine.davis4062@example.com,2022-09-29T12:34:00
541cd795-b6f5-416e-bb4e-ffd4e7e04b34,Congo,emily.walker3682@example.com,2022-05-16T13:47:05
6a9605e9-18f5-452c-90b7-c7f09aa820b9,Lebanon,andrew.sanchez1050@example.com,2024-05-06T05:58:34
f2a8021a-4145-42c5-b13a-509e81131614,Israel,melissa.jones5540@example.com,2024-06-03T23:23:09
8845b18c-d9a7-4755-b6b2-ba4ebb2a95e6,Hungary,barbara.higgins345@example.com,2023-11-06T15:44:51
8da62376-ee5f-403a-b455-8ecc49fb46b3,Portugal,reginald.hernandez9639@example.com,2021-10-08T06:45:23
aa25fc76-df56-47d4-a4fa-671ca40d6432,Turks and Caicos Islands,patricia.dalton9076@example.com,2022-03-14T05:53:35
85e6a79b-c7ce-4f0e-a29b-63eeea3984d4,Spain,kimberly.robinson3771@example.com,2024-09-14T17:30:08
8f2e451e-2c77-4fe5-b483-7093b32942f0,Egypt,april.williams9642@example.com,2022-04-06T04:36:26
f90686ad-1e16-4d72-ba9d-f1d57d5e0fc5,Papua New Guinea,stephen.solis3609@example.com,2024-01-02T18:03:45
493cd7cc-ed7d-4e29-99c7-143a0a3a8f0c,Zambia,vanessa.larson118@example.com,2023-08-18T04:21:50
be05c061-def7-43c4-b411-61664123d880,Macedonia,cheyenne.ball1164@example.com,2023-07-24T14:04:45
70ec4983-c3d1-4932-933b-fa7e5c7dcb1b,Ukraine,maria.kelley965@example.com,2022-06-03T21:52:03
b73baaff-dc7c-406b-b6d4-c274dfe2935f,Eritrea,julia.wells3751@example.com,2022-10-18T17:47:47
da021d47-2656-4522-89e9-334b0b2efd7e,Slovakia (Slovak Republic),mary.ramirez1105@example.com,2023-12-18T11:29:48
66b625cc-6b4f-4e14-9ec4-f7b2b80ec5bf,Kazakhstan,todd.allen515@example.com,2022-01-28T00:49:11
61f05048-0966-48c6-bd03-3b39f31c00ae,Grenada,jennifer.young5414@example.com,2023-02-08T07:40:03
d4c40858-2e22-4a41-88e7-fc450cc36c62,Canada,patricia.miller1161@example.com,2022-09-23T22:05:02
b3248891-92e9-4c8b-85f6-e5858b321c95,Croatia,patrick.hernandez8424@example.com,2022-01-07T10:39:22
256d606e-73d6-4f10-8677-1b9c0190b6fd,Lao People's Democratic Republic,robert.rivera3900@example.com,2023-07-07T13:13:05
1576b8f7-c9ae-4089-8bc8-3aa997ab49c4,Iceland,bryan.wall4563@example.com,2024-03-25T00:05:23
d6a13fbc-42c5-4316-8260-6e1be64ba08e,Turkmenistan,sophia.smith7954@example.com,2024-03-11T23:19:22
afd889f9-bead-4f83-b54f-2da97e09fdae,Guinea,omar.smith3511@example.com,2023-01-06T13:07:03
a58cd39f-c761-4fc0-b307-a2a45e68e1a7,Zimbabwe,karen.castaneda8835@example.com,2023-07-12T14:16:36
0bf2ec64-b883-4428-8f76-e3f354d1b72c,South Georgia and the South Sandwich Islands,amanda.navarro2168@example.com,2024-04-23T18:55:03
71f1701f-ce21-436e-a730-033d3c74f760,Faroe Islands,rachael.freeman9356@example.com,2023-08-07T17:10:26
6044d746-179a-4fff-9ca5-502bb2f32000,Paraguay,todd.price9441@example.com,2024-08-19T16:16:32
2cebbec4-96e1-4825-8cf8-c37eba41babe,Tajikistan,lauren.ramsey7745@example.com,2023-09-25T17:35:55
0ab4bc14-9cad-4acc-802f-f8d8406481dd,Marshall Islands,samantha.hooper3982@example.com,2021-11-10T13:24:47
ed852311-befb-401e-b1c4-0f253d30369f,Panama,rebecca.vargas7750@example.com,2021-11-10T18:28:07
fd3be43d-60e5-4b50-822a-91a24f29cc64,Tonga,christopher.patterson6670@example.com,2023-09-16T21:23:48
29f72d47-9057-4211-a709-056958a9fa03,Greece,hunter.green3120@example.com,2022-08-24T11:17:54
57459bcd-d8b5-4363-ad29-054802881b82,Turkmenistan,shawn.rogers1546@example.com,2023-05-11T14:52:51
758650c1-5dc7-422b-b7cf-96763e0c10d7,Italy,joshua.bean1589@example.com,2022-10-26T13:23:43
becaab86-ada1-4d9f-b6a4-413e14dc45f3,San Marino,mary.ruiz7063@example.com,2024-01-15T15:01:51
5dcaa4ee-bcd0-47a8-826d-14f90f7f7aad,Czech Republic,brett.crane5805@example.com,2024-07-05T15:09:35
499e7d2f-6cb5-4d29-9cb6-68ada4812669,Armenia,casey.bernard6940@example.com,2021-11-16T20:54:47
be2af2dc-3a49-4a1a-8e87-3afc843936f7,Angola,stefanie.gonzalez6736@example.com,2024-05-21T21:06:12
ce455cf0-dc5b-4ce1-85a8-a64250b0025b,Paraguay,elijah.martinez7652@example.com,2022-03-26T08:46:43
cd792598-cdcd-4b31-b2b1-8b25a6ba0215,Reunion,anne.robinson888@example.com,2022-11-01T17:29:18
c49e4050-ac0a-4115-a52f-1bb9cc9e1175,Netherlands,katie.jackson1613@example.com,2022-03-26T14:07:33
b18d5d6a-6b64-465d-9961-6f6a3c3f868e,Georgia,kimberly.martin994@example.com,2022-03-16T14:14:40
925a3a2a-8ec9-4293-baa6-4526cfdb7a12,Montserrat,beth.hickman6597@example.com,2024-08-16T21:22:05
4862a8c2-15da-40e2-b5e7-77af14d9311b,Western Sahara,rebecca.brooks5560@example.com,2022-08-03T18:18:04
1652494f-d43c-419b-9e44-780067e2c7c2,Nigeria,charles.vaughn1791@example.com,2022-10-11T22:06:44
94a33c07-0d2e-4052-8ac7-5d9a62b592e4,Thailand,curtis.barton4074@example.com,2024-08-27T15:03:25
feded89f-31ce-486f-a3a5-29a0b9da0f90,Monaco,caroline.martinez3140@example.com,2021-12-02T11:11:57
f4d76a2f-d2e8-4ac6-af82-2630d2faa843,Heard Island and McDonald Islands,michael.patterson3117@example.com,2022-01-14T18:55:28
0b0b4215-f7a6-4a20-8247-83fbde620a49,Thailand,william.peterson8787@example.com,2023-07-14T04:57:21
514fc419-47ae-4cd0-8d69-ab0d1e703cdb,Guyana,lynn.garcia7351@example.com,2024-06-13T00:21:40
f061e73e-ac46-4b49-a3d5-eb0c02946002,Cape Verde,patricia.stevens2297@example.com,2023-08-07T04:10:07
8f3cdf83-9b6e-4a9e-abf6-95db406db1e5,Pakistan,gregory.boyd6913@example.com,2022-11-23T05:25:57
d70589a0-4720-47b0-9c7c-0f18b94d3daa,Singapore,christina.gillespie3007@example.com,2023-10-20T18:07:28
af36cd19-ff60-40df-8779-3e20d4d974a0,Namibia,steven.petersen4564@example.com,2022-11-20T14:32:31
55d9a955-32ef-4f0e-b329-ad9b94fc3334,Vietnam,marcus.sanchez7580@example.com,2022-02-11T07:03:29
233c0d17-d43d-41f6-a79f-05c08bae76ad,Sao Tome and Principe,joshua.hayes4093@example.com,2023-09-21T13:37:06
50bbb05f-c439-4433-87e5-2e22b05662e4,Guadeloupe,ashley.barnett1236@example.com,2021-11-13T06:02:40
16ff649f-e299-45f9-88fa-48bccf2f6e82,Libyan Arab Jamahiriya,troy.nguyen7261@example.com,2022-08-25T04:25:56
e17f257a-89ff-4a4c-b3ba-cffed7ae31dd,Fiji,michael.green9017@example.com,2024-04-12T18:18:02
37210851-0a26-4cbe-a8b8-f1c5fe0a7245,Algeria,jacqueline.hill1605@example.com,2023-12-11T05:17:27
d71cc53a-8754-4941-b510-750694ebdd1b,Saint Helena,stacy.miller829@example.com,2023-06-23T00:46:11
2bd24d48-c705-47c5-8957-fb9302064675,Portugal,tracy.chang8857@example.com,2023-10-09T06:04:07
741416e7-1e5e-4300-bcbb-8a88370d9491,Somalia,debbie.henry242@example.com,2021-10-26T10:54:23
af0dec1d-8e1d-4996-b76a-e612ce25f005,Puerto Rico,christopher.walker1529@example.com,2022-10-12T15:06:18
e66d3b51-8f87-4f82-bb2f-82d37616b659,Lebanon,kevin.perkins3873@example.com,2024-02-06T10:59:54
9446aaa1-7b6a-4024-9f5c-e4479a404d1a,Samoa,alyssa.coleman2725@example.com,2024-02-01T16:00:02
92a83509-991d-4eae-b14b-9425fd099d06,Faroe Islands,mark.warner6659@example.com,2023-01-18T23:45:53
897d1e0f-bc9b-49fb-90a7-1e4a187610ce,Congo,john.martinez7957@example.com,2023-02-01T20:30:40
a94a7c96-c152-4ec8-99e7-3c17b2a291d2,Serbia,david.herrera7887@example.com,2024-09-05T19:11:36
a60a9688-e2ea-4a6f-9a44-4e9b0e64a8fd,Liberia,jacob.robinson3503@example.com,2022-12-03T04:41:03
9d360d95-6ec3-43e1-9291-b0fb57ad26b2,Mali,jenny.bray6571@example.com,2024-04-13T18:00:09
08925de4-620d-4d7d-8fd4-3d90e439749b,Congo,justin.garcia961@example.com,2023-01-02T20:53:59
ec59ec2f-3f0e-42eb-8dae-3ac025ebae73,American Samoa,jeremy.white2698@example.com,2024-01-07T10:01:50
3061a762-ed08-46e0-bbf2-148576c8573e,Austria,david.williams6210@example.com,2024-02-06T06:44:55
e416c269-e780-42aa-9c57-82a15c604201,Northern Mariana Islands,kelly.raymond36@example.com,2023-11-01T05:18:55
ccd8735c-1818-4918-8054-ba86a1fe5cdb,Finland,curtis.smith6397@example.com,2023-09-28T20:25:03
75c76cdb-fa6c-463a-baa4-47edc69a1834,Austria,timothy.peterson4346@example.com,2022-10-26T21:06:27
6aaf6d5b-6bbf-48a7-8fa1-bea2f65ab64c,Swaziland,shelley.woods7455@example.com,2022-01-09T04:12:39
682f5def-76f2-40ee-8f01-0f69a229db7c,Niue,richard.jones4674@example.com,2024-08-31T00:46:48
ef0a3d35-2a67-4faa-9cbe-f2a4d2508df9,Monaco,brian.hernandez6931@example.com,2023-01-14T15:50:24
87cf8e3e-41d5-4d07-8dec-07e423bdc437,Micronesia,christopher.wright9106@example.com,2023-07-08T04:07:23
4c2bffa7-6d92-4c4e-a810-f395ba26bb9c,Czech Republic,catherine.gibbs7974@example.com,2023-12-20T10:56:50
cc569076-9bd2-4e63-a0bd-bd58e3d7df51,French Southern Territories,omar.kerr2537@example.com,2024-03-31T21:50:18
bcabac18-7cf2-4d2b-9d5c-77ca3a94bd0c,Nicaragua,veronica.torres3112@example.com,2022-01-01T05:34:46
3699ce0e-5793-4e47-ae58-8ecec63bee10,Yemen,chelsea.singh4862@example.com,2022-08-18T10:55:32
9fe3ffb5-4d3d-411f-addc-2cb3d5ab6fd2,Belgium,colleen.baker3567@example.com,2022-05-31T15:32:38
b4a0bf37-a650-46a5-8386-bf232eb13ead,Cayman Islands,john.arnold959@example.com,2021-10-03T19:47:21
5d529216-01e7-47b2-ad68-5b874f6782c7,Latvia,ricky.norris9490@example.com,2022-12-26T02:57:52
8354a20e-f115-4aaf-8701-a4b550d8b01a,Finland,antonio.roberts8884@example.com,2024-09-25T17:18:24
463ddc88-83f7-4210-b787-761dbb84234b,Djibouti,michele.jones999@example.com,2022-11-14T15:20:32
847563dd-6b8c-4096-aad5-89c82045cee4,Panama,kristin.weber5139@example.com,2022-08-02T23:15:57
a0264c80-b77c-4d11-b53d-e5aba3b36dfe,Oman,ronald.stephens937@example.com,2022-05-19T02:45:30
551bdf33-160c-47ad-9357-89131bb9ea57,Barbados,rebekah.serrano822@example.com,2021-12-31T07:29:54
c7d9d2e3-ece6-45b2-8f6d-5f0102a2815c,San Marino,gabriel.parker9572@example.com,2024-03-01T21:36:28
54747c66-67ef-4b53-a62a-31429692fa63,Lao People's Democratic Republic,samantha.gonzales7812@example.com,2024-09-03T11:48:27
3c9e2770-4745-49c6-98c3-63bca1f21101,Faroe Islands,kevin.powell8239@example.com,2023-11-16T02:59:10
4c12d10b-0ee3-4826-bbd0-dd4baf6f747d,Nepal,amber.kim8702@example.com,2021-11-30T14:08:55
d5dab6ac-4a36-47fa-95ea-b17433d34e4b,Netherlands Antilles,pamela.navarro2580@example.com,2022-10-23T14:25:23
faff3a47-f39a-486d-85ce-c4d1f408ca2c,Peru,anthony.perez932@example.com,2024-03-11T05:00:29
70ed6355-af11-4ef6-9983-d989fc0a37cd,Serbia,brenda.smith8321@example.com,2024-08-09T00:30:18
a0af8341-31af-4afb-bb61-e7608e5baeed,Serbia,lori.johnston1313@example.com,2022-06-28T19:36:53
3e17293b-697f-4b00-bfd6-199f7bfb8b30,United States Virgin Islands,thomas.pearson3045@example.com,2022-12-05T18:27:35
b4811d27-cb5d-4adc-aadb-d3921664df62,Norfolk Island,howard.richards1123@example.com,2023-11-02T12:53:51
6bb9cc94-6b3f-4b5e-a3f4-3bd5c3e16f28,Ireland,tanya.harrison9750@example.com,2023-03-01T10:40:07
1d4e24d8-d0c9-4095-bdc0-609156aa29de,Central African Republic,manuel.garcia1114@example.com,2023-02-24T00:00:10
9a61f1cd-c713-4bf2-a265-c1b95ba06ce6,Panama,robert.simpson3854@example.com,2023-06-13T17:58:23
6df2b036-044b-43a7-9cf4-e1115df07aed,Korea,lisa.pierce6616@example.com,2022-02-13T11:08:17
9493e587-97dc-4450-95c1-95ff507b4ab6,Sierra Leone,leonard.morris1965@example.com,2023-06-19T12:46:09
10cc7a27-7706-4223-a8d1-ba58a822ed78,Afghanistan,michelle.bryan9334@example.com,2024-07-17T07:23:14
b8185241-d47e-4ed1-8287-e22327f84296,Austria,molly.murray4034@example.com,2022-07-18T01:36:54
9f2fec82-ef2d-49a4-bc1c-2253598b45d9,Luxembourg,april.dean9486@example.com,2024-05-28T04:57:32
73aa0365-1e7f-4e73-9ea4-c53c10656edd,Ethiopia,scott.williams9741@example.com,2024-01-30T20:25:24
6c19af27-b9d1-4ae3-b612-08b6d73588c1,Turkmenistan,david.roberts652@example.com,2024-09-18T08:40:44
c71aa386-b132-46c9-b1ec-3c71fe4b8499,Niue,todd.johnson1344@example.com,2024-05-02T12:24:43
6230579c-9dc3-4bcb-a8e1-c71da45a9675,Georgia,lauren.mckinney6869@example.com,2024-02-02T08:47:52
15c6cd79-327d-4b43-b9b9-611a62be4c11,Czech Republic,alexander.russell9563@example.com,2022-03-24T22:10:05
1e2dfb03-a411-4962-a5b3-17d19afdc02e,Syrian Arab Republic,steven.wilson9261@example.com,2022-05-26T20:29:26
8e9beb66-e441-4911-a722-155820107a8e,Madagascar,tyrone.moran8566@example.com,2022-11-28T10:03:00
9c3eb0ad-4331-4132-9ec6-546f76c8c25f,Latvia,robert.olson5184@example.com,2022-10-13T06:58:40
f8b9c398-8733-457c-b8fa-cda9e276e058,Comoros,stephen.thomas4273@example.com,2024-04-17T18:26:51
c37990a0-66ce-4e0f-bb29-0e6cfeabef10,Tonga,william.suarez3347@example.com,2022-01-16T02:44:22
9d5ce5a6-719c-4f62-8000-cc6a4e3923d4,Israel,joshua.tyler5148@example.com,2023-03-11T15:29:54
57457c35-4677-4cd5-8d26-120cb009cbf4,Swaziland,sarah.romero3911@example.com,2021-10-03T15:40:15
ccbf22e1-c9b5-4af0-b1e0-1e4674227019,Myanmar,justin.evans4352@example.com,2024-03-18T13:08:30
2c5ca64d-f581-4349-b2e6-1b05b4350738,Canada,yolanda.burns6485@example.com,2023-08-24T08:31:28
4428f38a-71a8-4e70-9262-736acf7b8525,Mexico,amanda.reed2145@example.com,2024-01-21T20:34:20
681898eb-72d5-41af-ab6c-3e7124ff5b03,Trinidad and Tobago,nicholas.cantu4916@example.com,2022-07-19T17:30:04
ef529d2e-109e-4045-97c4-b5549be64e78,Hungary,tina.allen7492@example.com,2022-09-27T11:52:12
ed1b13ea-a416-4a67-bcb0-3a49358637b9,Ghana,melissa.jenkins5181@example.com,2023-10-04T09:51:49
6d2c8678-dffd-4330-a1fc-70406ec55c20,Hungary,janet.shepherd1189@example.com,2024-07-26T16:08:38
9659fa3a-fbf5-4dcb-a40a-10bfa77955f3,Canada,laura.pearson153@example.com,2023-11-08T03:13:17
06f3b317-06d1-4d74-8178-9a4b3ebf792f,Namibia,tammie.martinez7509@example.com,2023-02-27T09:41:26
40eab6e7-8cf0-4d90-b193-7eca1791c11f,Kazakhstan,molly.sawyer9225@example.com,2022-03-03T13:33:09
cacc8fcc-e8ef-4f06-8536-f8ae3e2a765b,Saint Helena,alicia.bryant1639@example.com,2022-05-11T14:32:04
00df339c-394a-4e54-a968-20d970c527d5,Cape Verde,robert.pena1201@example.com,2022-01-23T21:49:49
54a84392-446a-4c2c-8992-1a4d7fe0c20d,Guadeloupe,terrance.costa8809@example.com,2024-05-24T20:49:32
687dd436-9fc9-4702-8ff6-acb8087800e4,Timor-Leste,heather.santos3493@example.com,2023-02-22T01:50:38
39dd9bf9-1e25-4660-ac54-c31269692b0e,Hong Kong,melissa.villarreal8289@example.com,2023-02-03T14:00:52
7764a4ea-6389-43d3-b899-a0bb654b47bb,Libyan Arab Jamahiriya,courtney.clay4346@example.com,2024-01-18T02:34:12
ff73a067-bdbd-4c2f-9f70-b60dcbe0cbca,Niue,barry.jones2171@example.com,2024-08-27T20:17:47
6a17f48d-5c8f-4abe-a277-e05c0221badf,San Marino,samantha.bright5719@example.com,2022-02-17T01:37:00
3a4a9572-0170-4ef2-83ea-c1e8f02320fe,Norfolk Island,ryan.garcia1128@example.com,2024-09-27T02:58:59
13a1303c-d3e7-4964-8c7c-9be7b55f6f18,Puerto Rico,monique.wallace4003@example.com,2023-01-07T20:56:08
c980ef91-d5e2-49f9-9613-c97fa44fd894,South Africa,rebecca.williams6055@example.com,2021-12-25T20:18:27
0e305813-cdc1-42c7-9f36-cf59602fe004,Cameroon,kelly.brooks4670@example.com,2022-10-14T00:22:16
c09b85fe-ef02-4e9e-9ae8-06b831d425a3,Somalia,amanda.knight2585@example.com,2022-07-06T09:02:18
355e9d45-cd67-4ea8-ac81-202df9da47e9,Trinidad and Tobago,george.miller7180@example.com,2023-05-16T22:18:58
a864f470-8fba-492c-8f9e-b69e4f6b838e,United States Minor Outlying Islands,christine.allen8901@example.com,2024-03-23T13:42:17
88f20ce7-d6b4-4543-aa34-aed90cae3796,Equatorial Guinea,douglas.murray4957@example.com,2023-09-13T14:03:40
1292d7db-a02c-4ed8-bc8c-53ba0bbc2950,Spain,jonathan.smith8667@example.com,2023-09-22T09:55:46
3dff9206-0ffa-4ee1-ba10-c3ba046a6ee5,Cayman Islands,rachel.byrd129@example.com,2022-01-22T09:48:08
0c6ac1f7-5d01-41db-ad0d-b430f926d29b,Myanmar,scott.reed9087@example.com,2023-01-07T09:18:35
2fd83149-4f47-435b-a45f-2a9bf212cfd7,El Salvador,danielle.coleman4906@example.com,2023-09-09T08:06:16
e8b6ed40-0f8a-4265-ae3e-6693c9aa513e,Hungary,megan.gonzalez1698@example.com,2023-10-20T07:20:00
8182f402-3f19-4c19-a737-b7739e9ee9f9,Guinea-Bissau,daniel.james2201@example.com,2024-03-10T14:34:23
feceaa43-4d92-486b-9270-efe7dd640da6,Angola,kenneth.lyons4334@example.com,2024-07-18T04:37:02
130d2d96-985e-4216-b9a0-dcd124b692f3,Tonga,randy.smith1892@example.com,2024-08-30T00:29:21
340d143c-d6dc-4588-8e57-ac38120888f1,United States Minor Outlying Islands,kimberly.beltran1754@example.com,2024-04-28T16:30:13
f5baf83f-1a11-41ff-9a4a-f8d4262247ae,United Kingdom,julie.wall9065@example.com,2022-12-18T06:07:20
c7040726-56c5-4291-8763-9288d9cfeca3,Spain,kimberly.hall2547@example.com,2023-03-30T23:30:30
f02a981e-d7ab-4b12-b94a-13fa1a6248f4,El Salvador,jeffery.lee4463@example.com,2024-08-17T12:55:17
9c10bb1f-4756-4186-a0f7-3f8b740c7110,Pitcairn Islands,karla.saunders4617@example.com,2022-04-30T03:31:50
06a392bb-0c96-43f7-813f-9e4314a241aa,Oman,courtney.berger9910@example.com,2021-11-29T21:48:40
324751c6-380d-4309-9ad8-cd0074c15ee2,Morocco,kyle.alexander3451@example.com,2023-04-19T11:02:37
6f2399fb-70ec-4a40-92a2-1503677c3863,French Polynesia,jessica.davis5618@example.com,2023-02-19T05:00:10
a0fae58c-9b70-4d47-944f-67608b25dc5f,Bulgaria,julie.thompson3336@example.com,2024-01-15T14:36:35
e808f82c-fc2d-4c0d-91b4-cfccb79edab7,Macao,nancy.diaz4326@example.com,2022-11-27T00:35:13
2b96f63f-5bc7-4a9c-8103-07cb55bf26c6,Sweden,maria.scott8281@example.com,2023-10-18T04:37:12
c4b468a3-ae5a-43bb-a4da-4151cc0299a3,Trinidad and Tobago,tammy.phillips8005@example.com,2023-03-09T20:15:03
d79415e9-2a37-4ffa-841c-9cd55a40be9f,Belarus,linda.mcdonald4115@example.com,2022-05-06T07:49:58
dbf4c13e-3fc9-4abc-9386-81080158ac22,Philippines,karen.perez833@example.com,2024-08-12T07:43:03
925ce343-3ecd-4510-9b27-0bd03a53ac60,Spain,tina.coffey1513@example.com,2024-02-12T10:09:05
a101ba39-9ecb-4f45-ac96-54495e7a40db,American Samoa,michael.gibbs6940@example.com,2022-11-14T11:45:41
a8f3747c-5812-4925-bc63-edb1c5cc08bf,Peru,amanda.gibson4534@example.com,2024-08-09T02:42:46
e60a4a38-97f7-4fd2-b52e-26cb122a05b7,Northern Mariana Islands,jose.james723@example.com,2023-04-29T17:34:20
cf931a36-f0b6-4f61-bbfb-632b3a25e661,Anguilla,daniel.hall59@example.com,2024-05-19T02:24:44
e55bda6c-a10f-4555-bda2-1080b974293c,United States Virgin Islands,nicole.hoffman5465@example.com,2024-05-04T09:32:38
def434aa-85c5-400d-bb8b-5646187e7247,Swaziland,jeffrey.brown2144@example.com,2023-09-20T21:10:45
27099fec-c982-4d40-b18b-4adf82ae3f71,Ireland,regina.turner4292@example.com,2022-03-29T22:01:31
2f322075-336f-49d3-ba40-6e4f9b7dc284,Gabon,donald.shah2648@example.com,2023-11-03T22:24:29
24d59b04-dc74-46b4-a56c-eb4b33890399,Martinique,darren.young7240@example.com,2022-04-28T09:57:12
f07dd272-4dc8-44d3-af3f-0097f5cda5d2,Zambia,paul.watson9039@example.com,2024-09-15T14:50:10
ffdd6e49-e4aa-47fa-8b84-5c9120ee690f,Samoa,sonya.barnes7008@example.com,2022-05-27T17:03:44
427b5704-51c6-47f4-8c7a-1a6845aaa41b,Syrian Arab Republic,nicole.pena9190@example.com,2023-10-29T20:12:39
2b11d19f-0ede-4d9a-952c-42b0342cec98,Fiji,christina.crosby159@example.com,2021-11-19T11:46:57
04535b40-53d1-4704-af5d-dac3763925da,Kenya,hannah.robinson1833@example.com,2022-10-01T10:56:53
7f45a01b-8394-4ff3-ab1f-9985128bd339,Poland,melissa.garcia1233@example.com,2023-04-23T07:16:15
05dfff96-e10d-4a8f-96b2-2578e48d07d8,Guinea-Bissau,amy.levine2443@example.com,2022-01-01T17:30:07
84800676-ba13-4b6b-97f0-81ce8134de52,British Virgin Islands,raymond.lopez8939@example.com,2023-09-06T01:07:24
26cdfe66-3d7d-4dca-b5d1-f81c162d47db,Northern Mariana Islands,christopher.lewis591@example.com,2024-04-14T07:14:45
ed6f5e96-f34c-45c6-8c22-fb001c29d5c3,Grenada,tasha.williams6050@example.com,2022-10-13T00:56:15
25d01917-1aef-47a0-88f0-c5f4eb686909,Costa Rica,vanessa.buchanan9544@example.com,2022-01-14T06:00:10
b2e1336f-c2ee-47fa-9b35-400a940ea644,Myanmar,maria.spencer9053@example.com,2022-08-31T03:16:51
a67e540d-3b12-41fb-8253-4c59aae0b150,Singapore,lisa.hall2427@example.com,2022-05-16T21:14:58
999412bf-215a-4809-a2f0-c865310d4cfd,Falkland Islands (Malvinas),kristina.carlson7042@example.com,2022-05-12T10:23:23
7924edca-1f7a-4612-b27a-44df0b89887f,South Georgia and the South Sandwich Islands,vanessa.fernandez2089@example.com,2022-06-27T17:45:19
47979889-b0bb-4bc9-80f2-a8ab61e7eb1e,Bulgaria,daniel.delacruz686@example.com,2021-10-22T18:03:51
41daa9e1-b84e-4d2b-a580-6e5ce1b7a6d7,Myanmar,michael.kramer5051@example.com,2023-02-14T15:06:22
494dc337-a7db-4cec-b931-9355bdfb2540,Brunei Darussalam,alfred.baker5975@example.com,2023-07-15T14:34:41
f09b9561-3706-4a52-9f53-22698b8c479a,Lebanon,alicia.reese654@example.com,2023-08-27T00:56:32
667fd5d1-b892-4cdb-a388-6f8d81df1487,Botswana,kimberly.palmer5863@example.com,2023-09-01T20:00:52
09892003-1655-4cf1-8b6b-881fbfd981c6,Aruba,william.dougherty3442@example.com,2024-07-19T05:43:05
5b51b6b3-a786-485a-9d70-244a11deca72,Antarctica (the territory South of 60 deg S),adrienne.ellis4089@example.com,2022-01-02T03:45:59
380081fa-b8df-4f19-9441-3dab85165baa,Japan,yolanda.boone1685@example.com,2024-08-30T11:35:59
25a8898d-2951-4714-ba57-1d6010f0045a,Kenya,daniel.joseph5795@example.com,2022-01-21T19:57:48
7f419805-50e9-4e19-b179-48bbebf568dd,Cameroon,rachel.morris9174@example.com,2022-01-09T16:50:32
501d7d13-53a2-4516-a93a-ed2c01d73f63,Mozambique,david.weber6659@example.com,2024-01-29T12:14:26
2e82d07b-3855-4af8-9151-93d4cbf27145,Nauru,jennifer.james2533@example.com,2024-01-01T20:37:25
81ef7d8d-2ddb-4776-9d8c-70c65172e9e7,Jersey,kenneth.wagner3879@example.com,2022-03-02T17:40:19
bc93caff-f56b-4bcb-a138-16a1f2c13b80,Palau,laura.wilson2663@example.com,2024-07-06T19:57:47
d5b48f7e-3ba3-4f80-8388-2e059286c47a,Tonga,natalie.arnold2901@example.com,2022-08-29T16:40:19
05302b99-705e-4213-b79d-5641f47f872f,Isle of Man,russell.beasley6756@example.com,2023-03-10T04:19:03
e451f893-e5da-4ec4-895d-c217bf0f5323,Saint Lucia,maria.ross407@example.com,2022-02-24T09:05:17
30764297-29c5-4038-8da6-407d45af4f8e,Equatorial Guinea,larry.edwards2939@example.com,2023-05-04T02:59:04
46f0fa2b-632c-4370-ab33-36e6f7c3d218,Lebanon,stephanie.mcdaniel5443@example.com,2022-01-11T22:56:32
b969b36f-f231-4073-b997-221ece81d26c,Jersey,christopher.miller6746@example.com,2022-02-26T16:12:50
0b4364b5-05c5-458b-b69d-268c72b6a1c3,Bulgaria,julie.watson4066@example.com,2024-02-10T23:02:08
9cb60459-8d6b-440e-8e54-e01361c31fe8,Moldova,brian.frye4372@example.com,2023-02-23T18:07:26
85b089b8-0f1a-4118-b7b4-c7b9dfa29cfe,Tunisia,elizabeth.jenkins2609@example.com,2024-07-29T05:43:24
5cd24ac9-d9ca-4a06-bd76-0373c36344ca,United States Virgin Islands,shelley.henderson1772@example.com,2021-12-18T14:04:47
8a53ea87-433f-427d-9cbf-3ad1ae5dda65,Guinea,tanya.burke6268@example.com,2022-03-09T14:32:24
be91f16b-08f7-4461-8c0a-58d37eeb4da8,Palestinian Territory,becky.lewis635@example.com,2023-10-18T17:21:17
4586807f-b3a7-40cd-a79d-61455819afa6,Tanzania,jeffrey.rodriguez7712@example.com,2024-02-10T19:06:40
be86c298-064a-40fd-b23b-16cc9a039ede,Montenegro,michael.farmer3645@example.com,2022-09-15T23:51:11
fc5ee378-900e-4284-8f56-79da6e8143f0,Seychelles,lindsay.bruce3270@example.com,2024-05-22T11:34:28
06f775f0-54c6-437d-a148-823b19cca3f4,Anguilla,christina.day7542@example.com,2024-05-02T17:00:25
6e9fcf60-0b4a-44c0-8675-c86522063250,Ethiopia,sarah.gallegos5729@example.com,2021-11-13T15:29:02
5487eb21-e6ca-4576-8bfc-986232eed87a,Georgia,henry.park5001@example.com,2023-03-11T13:36:45
af5c10ce-4c8d-47ad-bc7e-b85a27af90e5,Cambodia,michael.white3729@example.com,2024-02-26T10:00:42
890576c4-bcc3-4030-9cd1-72dee47660e8,Saint Vincent and the Grenadines,diane.jones3653@example.com,2024-06-09T06:23:40
2aad54c5-99d7-46da-b38c-6e38380ee4fc,Malta,teresa.davis388@example.com,2022-08-29T20:45:58
24be72b9-c1c3-4bcc-a30a-553a14a060db,Cayman Islands,nicholas.chavez3165@example.com,2023-04-27T12:36:37
804a72a4-f3da-4aa9-815f-ee144001444e,Western Sahara,larry.nguyen6529@example.com,2024-02-28T09:27:09
241db403-f79d-430a-bb7d-f772d4ef5426,Cape Verde,caitlyn.ware5379@example.com,2022-06-01T04:41:50
88f8fa6e-fdf9-4cb9-9d7c-5463e912f409,Belgium,karen.williams4565@example.com,2022-11-26T08:45:37
06ff6e96-a0ac-44fb-9e0d-3fedb4524ca4,Netherlands,scott.coleman1138@example.com,2023-08-17T08:37:58
6112c712-c995-4e52-848d-4f0a809ee549,Malawi,robert.lewis4574@example.com,2022-03-25T11:27:19
2b38c687-017f-4d70-ad5d-859d98b9f01c,Philippines,michael.rodriguez5754@example.com,2024-08-18T15:49:55
a8cc4489-8c72-40cc-ab28-3e87b21b9009,Gambia,brittany.rose8347@example.com,2021-12-09T05:18:47
bb1d725b-f427-4409-a328-3f76ff586030,Azerbaijan,jeffrey.joyce6549@example.com,2021-10-11T14:37:35
10ce454e-b6e0-4a20-87d3-f9ab5482494c,Seychelles,james.dougherty8786@example.com,2022-04-30T20:30:55
f9e310b3-9501-4c24-b7b9-e4cc958806ed,British Indian Ocean Territory (Chagos Archipelago),kathryn.roberts5426@example.com,2021-10-11T16:13:22
95ca3ff1-f918-4ac2-a850-e7543bcb2e95,Bulgaria,tyler.jordan453@example.com,2023-05-13T07:11:31
1c599884-65b8-423b-9139-e09aa7b31222,Moldova,amanda.hall1890@example.com,2024-08-02T10:40:19
3598afcd-515d-40ed-ba25-ff2e4f8a1126,Tokelau,linda.jones4280@example.com,2021-12-04T09:10:25
084b5c77-5ba8-4778-8669-a13b63821043,Belarus,ryan.stevens2926@example.com,2023-01-28T23:46:38
ac87ad9f-1fe2-4e64-ba96-4c9280d99736,Russian Federation,barbara.berry9513@example.com,2024-06-20T02:14:32
0d724f77-51a6-4c1c-889e-b6f092eb1ad3,Angola,robert.wilson4350@example.com,2023-02-16T04:15:59
138474b1-0bce-4705-849c-6c8c70982961,Kuwait,george.meza627@example.com,2024-09-04T22:33:24
bb795993-74f5-4ef7-84f1-2fda5fdd52cb,Tanzania,samantha.davis1777@example.com,2022-03-13T02:53:41
5e0f9a37-f5ea-49aa-9b8e-31dda53ab4ec,Mali,john.chapman9775@example.com,2022-01-29T20:12:25
8408d45e-a9ae-4081-b71b-f054a90f8dbf,Guadeloupe,randy.collins7120@example.com,2022-09-08T20:50:10
bc6e2611-9e1e-4389-961c-9abbeb8cc791,Madagascar,mason.jackson5664@example.com,2024-06-09T08:21:28
f227833e-0a43-435f-afcb-1cf069a30f34,United Kingdom,daniel.hicks5140@example.com,2023-03-26T09:41:06
2b65a40c-606f-47a6-a233-0f7115ae8dbb,Oman,michael.mullen7150@example.com,2022-05-17T02:18:26
5679ed0b-96cc-45a2-bd2c-a5a5742e6a9d,Congo,joel.thomas9933@example.com,2022-06-26T04:32:36
6fab7d47-2049-4254-8917-2a20c10e96d4,Palau,carrie.wolf8380@example.com,2022-01-24T17:24:17
84c14a48-532a-406b-b972-520db16e089c,Lithuania,gregory.mejia1895@example.com,2023-09-20T09:27:18
f87c93ed-9cee-4e54-8347-51c608bcd526,Kiribati,karen.wolf6312@example.com,2024-08-22T18:31:39
46f2f702-2d69-439e-ae58-5b3d3271303b,Norfolk Island,sandra.cunningham9447@example.com,2024-05-26T19:53:26
417dc832-db34-4020-ae30-2520a34a9cd7,Germany,marcus.maddox3115@example.com,2022-05-22T04:07:51
9047275d-118d-4522-8c81-b1bd77db50dc,Niue,scott.harrison4174@example.com,2023-01-13T01:59:42
071dde87-5933-4d09-b54d-e06c4d6711f1,Guinea,laura.vargas728@example.com,2023-11-26T18:55:16
ce5f329a-296e-4aa1-ab47-28416cc2a9bb,Argentina,charles.murray7145@example.com,2021-12-27T01:02:45
14113ed2-43e8-46d4-aa39-5be10f8f5f62,Oman,miguel.mitchell28@example.com,2022-02-16T22:31:43
17c77714-2c42-4a58-aae0-5791315b4386,Kyrgyz Republic,christina.hunter8519@example.com,2024-03-19T04:16:46
cbc37aff-8955-4a60-a4e6-f26e61e2f99b,Ukraine,angela.conner8822@example.com,2021-12-02T09:28:07
804ad225-6b49-4c10-89a3-5d63ecd7f1f8,Pakistan,shannon.pacheco3229@example.com,2022-07-19T02:06:25
93684b8f-ec02-4c86-9622-332d8e5e52fe,Canada,marc.alvarez5968@example.com,2022-01-03T18:50:59
a17ac2e4-0ea8-4da8-ac4a-b3361cda0642,Taiwan,shannon.shepherd7067@example.com,2023-03-17T04:19:09
424afc9d-ce68-46fe-8694-e0ecf2c8ca5b,Oman,toni.miller1147@example.com,2022-06-24T17:29:37
df6bb6fd-0b6d-4ddd-9a47-1b23da4efc8d,Kazakhstan,benjamin.zimmerman5410@example.com,2023-12-22T18:43:22
41c73b9f-40e7-47ca-a017-29728f906d12,Holy See (Vatican City State),alexandra.moore5144@example.com,2022-12-13T03:04:05
d8c46cdc-dce0-409c-b6ea-6790a4fb90ce,Philippines,paul.schroeder2042@example.com,2024-04-15T10:49:54
b0c7d916-592e-40f1-b4ee-8f9cb9605129,Grenada,brian.mccoy4921@example.com,2022-01-10T01:24:11
a34eca90-b114-4afe-b8f7-a02ced96ce6d,Hungary,mark.grant8309@example.com,2022-12-15T01:47:53
2341083a-b1fd-4720-a69d-242e79cf3f64,United States of America,johnathan.york5068@example.com,2024-04-22T22:20:45
4637a8a3-47e4-4746-80ab-4915aacfb201,Mozambique,morgan.cook6692@example.com,2024-07-26T13:17:01
f9b9b34f-8056-4889-8dae-bb2308a50800,Palau,donald.bailey5345@example.com,2024-09-18T17:15:05
41fd2d39-a1ec-4209-9b36-281e7add8ee2,Russian Federation,eileen.anderson6593@example.com,2022-02-08T06:35:05
c508502b-d24d-4be8-83da-d0534ce361b7,Somalia,kyle.bennett4845@example.com,2023-02-21T22:31:28
337599d3-e1a0-4edd-ab43-a9870442f032,Switzerland,lisa.santiago9084@example.com,2024-08-29T10:08:00
cdcedaab-ae9c-4946-add7-4198b5db9fd5,Paraguay,rita.davis2086@example.com,2023-07-19T09:45:52
e6b986c0-e0e5-409e-a2e9-4ee2878c295c,Georgia,william.smith3144@example.com,2022-07-06T16:43:11
8263c02a-dcb7-476b-858c-3c873e5fa1b7,Seychelles,stephanie.peterson6889@example.com,2023-10-25T01:31:30
a0146924-123b-4a0a-bf93-694fef1ce8a1,Cape Verde,james.cooke6212@example.com,2022-01-27T12:57:14
9980cc31-19fa-400f-85b8-c651198be65b,Macedonia,kenneth.french2852@example.com,2024-01-16T04:08:36
2a44593d-a6bf-446d-b944-1153f560bc33,Argentina,mary.stephenson9325@example.com,2024-07-23T22:32:30
06a52759-60e6-4776-b237-69bbb93bcd5e,Bulgaria,matthew.miranda4931@example.com,2024-04-14T10:59:32
3c3a1535-313d-4518-9a2d-56dc149e1335,Switzerland,nicholas.martin6654@example.com,2024-09-09T23:11:19
b4aed148-1ca7-4a57-a77a-2470f858a848,Chad,kellie.lamb8978@example.com,2023-08-10T13:40:42
ffb43578-e12e-4d8b-87be-16cec48f657e,Saint Helena,bradley.diaz7@example.com,2022-10-03T15:47:55
111e3554-d3c5-4be2-8154-80521319ebed,Sao Tome and Principe,tara.bishop4979@example.com,2023-08-28T01:16:43
aa71efad-bb37-4a9c-9b24-f1fe228ff1d2,Sudan,jesus.allen4701@example.com,2023-09-28T06:12:00
2c1515a2-fafc-4623-a922-54e6fcb63577,Philippines,rebecca.lee3444@example.com,2024-03-03T18:48:26
ea92e5fb-49f6-4f48-8dc3-70756cee46a4,Finland,tracey.murray7044@example.com,2023-05-15T21:16:02
34428b9c-95b8-49d5-a3bb-5247c3c32f77,Central African Republic,wesley.barnes9503@example.com,2022-08-05T21:18:07
6c5b9dc9-ec82-4287-9833-d5ae8fa6d6ac,El Salvador,laurie.taylor9940@example.com,2021-12-19T17:26:06
47a344d2-cb6c-4cf2-abf9-408948fb5a36,Mexico,danielle.sawyer5280@example.com,2022-03-08T00:51:12
28a20f4f-605a-4ec0-a5c7-f2d3ad1d59d1,British Virgin Islands,jennifer.black7619@example.com,2022-12-16T11:57:02
350f542a-8c43-479e-97a0-5a59f0cd614c,Korea,christopher.martin7239@example.com,2023-12-06T03:12:30
3f00b67c-d638-4fe7-be01-bfeea77d3951,Yemen,dylan.kim7245@example.com,2022-09-09T14:12:28
ba1af424-8837-41c9-84b7-bf998114d3c1,Venezuela,lisa.wilkerson3502@example.com,2021-11-10T02:22:04
72287aef-44ab-4f71-b6e1-01798103e8af,Holy See (Vatican City State),robert.sanders8376@example.com,2022-09-30T22:28:29
1ed0ba2a-98f3-4ded-98c2-731a188111c0,Czech Republic,paul.miller7753@example.com,2021-11-12T10:56:20
f7e22e3e-a2be-40ae-8296-4f16b8973337,Rwanda,lucas.garcia2781@example.com,2024-07-05T08:19:18
7993cf95-8455-4894-9552-3756e55630d7,Argentina,matthew.thomas1390@example.com,2022-12-19T07:40:12
4c39da90-0b80-4380-9bd2-bcba0c4807d3,Switzerland,samantha.kennedy4650@example.com,2022-05-03T06:35:51
becfcec9-77b6-4727-8aeb-bdce48a44e0c,New Zealand,katherine.harrison8446@example.com,2021-10-07T19:48:35
5029be90-d2f8-47a5-9e7c-5d5d3a9e06a8,Cuba,rebecca.smith5492@example.com,2022-05-19T22:31:35
00e257f7-5ebb-4e0b-9eef-e63517fe9389,Malta,ana.acosta1531@example.com,2023-07-19T04:06:44
7c4dc1fd-124d-4896-a1fd-3e870abf6287,Gabon,daniel.roberts3849@example.com,2022-04-06T22:52:00
9f7a3eeb-4ca9-4262-8cd9-f0970faf107a,South Africa,brandon.barnes5086@example.com,2024-05-24T04:05:31
fa1780de-dade-4456-93ea-3f6f0523c286,United Kingdom,stephen.rodriguez3681@example.com,2023-11-15T03:00:54
f3473988-dcdf-4247-a6d2-fb70218b56d9,Malawi,candice.smith3263@example.com,2024-03-10T23:21:15
18a78f20-a0b9-40b3-8600-d5c0693c721f,Japan,john.thomas2415@example.com,2021-10-02T02:21:13
141cf18c-65c1-40cb-8bbf-1773b18b9913,Israel,christina.allen401@example.com,2022-07-17T15:35:59
47de32c4-a660-4bdf-82d3-d00ccfadfc96,Guyana,elizabeth.miller758@example.com,2022-01-12T19:17:56
31cd1180-588a-446f-a03c-ce56aeb823e4,Solomon Islands,stephanie.stephens4012@example.com,2023-11-27T05:34:22
0cc77e70-e5cb-4771-9301-86e7ad3298b6,Latvia,angela.myers7785@example.com,2021-12-06T07:06:43
9f4583a8-f540-40e1-b74d-adddf86b8c85,El Salvador,cynthia.zavala1194@example.com,2021-10-24T21:35:07
643575ee-2c46-4d33-82e6-cabaf902cc1b,Dominican Republic,michael.jones7462@example.com,2024-07-16T10:39:31
5a115cf6-8c67-4a97-a42b-db245a1be02c,Saint Pierre and Miquelon,courtney.ingram6791@example.com,2023-02-28T05:13:24
ec99c608-8604-4558-b62e-60736976b26b,Guadeloupe,dennis.bell9432@example.com,2024-06-24T05:11:19
59f0a55c-4e6e-4652-b585-711dce039621,Kyrgyz Republic,gregory.maxwell3186@example.com,2024-09-13T22:01:17
39e29017-e65f-465f-9994-4b4cee8a3e62,Burkina Faso,timothy.white6292@example.com,2022-01-05T16:35:22
632390ee-c1b0-4df6-9aca-558b48069413,Argentina,jennifer.acevedo8100@example.com,2022-12-29T12:21:47
fdc72de5-6670-46db-942b-6ef3620a42a0,Turks and Caicos Islands,james.moody6548@example.com,2021-12-03T18:23:52
3f431fa0-63e1-437d-98ce-d75a205d826b,Indonesia,leslie.collins3998@example.com,2024-01-21T05:40:58
8722e9c0-f26f-42cc-a1d9-de84a122176f,Oman,thomas.johnson2418@example.com,2022-07-23T12:53:00
9014d62e-b5b4-4824-9b70-b2c6e7be9189,Australia,justin.atkins91@example.com,2024-07-14T07:28:06
3502d2d6-280f-4e5a-9699-05b3ddbe7e74,Heard Island and McDonald Islands,martin.martinez1747@example.com,2023-08-09T10:45:33
8ef4b9a6-391c-4f7c-91b4-196902088992,Ukraine,pamela.paul6966@example.com,2023-05-23T07:11:34
387a8391-ab48-43de-9e64-37cea51c6f4f,Puerto Rico,matthew.lopez3586@example.com,2023-11-11T13:02:51
8d1ff35d-5324-42ed-a89d-95eae468f615,Ethiopia,michael.salinas2882@example.com,2022-02-05T00:00:40
2e055801-f64f-4a6a-9012-0a269dbdbfff,Netherlands Antilles,jessica.miller8487@example.com,2022-07-06T23:56:11
7b49919a-c3fe-4b2f-ae83-702aca21e097,Belgium,amy.morris7612@example.com,2023-02-21T01:46:16
bf64ad6e-9d39-4d4e-820c-cef029c06f21,Netherlands Antilles,donna.parker823@example.com,2023-07-23T14:47:23
6b41948b-d3a9-4c95-8ab6-5781ad536e5c,Kiribati,garrett.wallace9133@example.com,2021-12-04T11:08:45
bfc4ec57-e45f-47b6-89ab-0b06f3f9f687,New Zealand,jessica.buck4083@example.com,2023-08-06T07:47:18
e615f867-c6af-48d1-b5c3-f650935a3389,Yemen,joshua.whitney1989@example.com,2021-12-27T18:29:41
f9311799-a15c-4b4a-916e-94aa7bcf3ddc,Haiti,charles.walsh7479@example.com,2023-12-05T17:15:51
f68a9cf1-405e-499e-a60f-7185e1a2cb7e,Zambia,laurie.shelton2185@example.com,2021-11-17T01:02:15
3b164796-2530-4fd1-9270-5c27dfcb887a,Slovenia,douglas.lawson7613@example.com,2023-08-11T08:17:53
a8bae56e-409f-42c4-b2f5-246c78b94cce,Slovakia (Slovak Republic),austin.jones8703@example.com,2024-06-27T21:26:47
ab154f18-071e-429f-84f1-fde80113e646,Mongolia,michael.reyes9158@example.com,2021-11-18T23:26:36
c5b90b71-5b37-47e6-8e0d-50f1e31fc5c1,Yemen,cassie.shelton9756@example.com,2023-04-28T22:35:25
62470dfc-dcc5-4295-90bf-85abc01961f3,Montenegro,nathan.hines5199@example.com,2022-05-01T13:40:36
0b1c3134-7671-4c81-bb47-e181bc139d2e,Pakistan,alyssa.sanders7252@example.com,2022-12-06T14:20:19
8de4422c-653f-4b5d-807d-0fe8e51dd170,Saint Pierre and Miquelon,john.wilson8271@example.com,2022-07-15T16:24:18
f842771a-25a4-4d15-a9c5-d7ad20a47c43,Moldova,victor.hughes6992@example.com,2022-03-31T14:28:45
779020f7-9075-48e7-8f18-ecac917888ce,Kiribati,jose.green8977@example.com,2022-08-28T23:47:46
9700a787-54d3-40da-9e80-db8526da1c93,United States Virgin Islands,wendy.mitchell7306@example.com,2023-11-01T17:18:06
92f911e3-23db-4de8-9b90-e438b7ddc87f,Barbados,james.taylor2608@example.com,2023-09-01T21:24:14
9213026b-1322-46e0-8b4f-272f26102197,Benin,gerald.reeves7778@example.com,2024-08-24T00:11:47
39367339-ed87-4600-a3ea-c8326c760618,Papua New Guinea,tammy.downs7374@example.com,2023-03-23T08:59:05
97f61ea6-b970-4cd7-aa8b-4263d5895734,French Guiana,jenna.pierce4247@example.com,2023-01-08T15:13:35
956418d7-ee6d-4217-9b11-615821489a82,Vanuatu,melissa.joseph4051@example.com,2024-09-21T10:05:49
c14c4e07-64c0-4a8b-a0a3-5303a5326d65,Madagascar,dana.leon4544@example.com,2022-09-13T00:21:52
6d77b51e-43bf-43db-8b28-134812e1dc7a,Burundi,david.harris8541@example.com,2022-10-02T10:11:44
48ffed87-2415-404d-9c4a-687e3998923c,Mexico,kristy.johnson7940@example.com,2024-03-06T16:04:45
2baad525-24f9-48a4-89ea-e18233ae4983,Mexico,miguel.lara3920@example.com,2022-04-19T06:15:11
f46ffd35-cd14-4be3-96c0-13388424ab75,Georgia,cheryl.miller4500@example.com,2023-06-10T04:30:39
3014fdc3-28ba-484c-ac7a-b48e9e8791de,Mali,yvonne.higgins7207@example.com,2023-06-29T19:34:59
29f1a156-85e3-4754-999e-a64a4f3818f0,Barbados,kayla.morrow1270@example.com,2022-04-12T08:33:07
3de47e54-17cb-4920-84a6-12e4799d708f,Korea,teresa.day4682@example.com,2023-09-23T07:33:05
feddab6e-ba2b-498a-8828-ed39623d2c91,Turkey,erin.cooper3842@example.com,2024-02-03T02:06:47
5a99eb0e-1733-4053-913c-ba4876fd9a57,Bulgaria,danielle.white4452@example.com,2023-08-02T17:12:35
e2e301dd-54e7-48a7-bc66-74de0ee60077,Switzerland,wesley.oneill5503@example.com,2022-04-10T13:05:35
b340b9d9-a579-4fbf-9012-7399b2e37bff,Central African Republic,april.torres5239@example.com,2023-02-12T21:41:44
2250011c-6295-4362-a04a-fee1cd465124,Yemen,sarah.perez8850@example.com,2023-12-14T17:56:34
216b9ef6-21b5-4275-b309-317a2295e89c,El Salvador,patty.singleton1321@example.com,2022-07-31T14:41:49
cae3ee2b-b39d-4ca1-9eb2-957f1d27dca6,Brunei Darussalam,cynthia.pierce2268@example.com,2024-05-27T14:33:13
20d6f883-f039-4182-bed5-233d5e701e82,Macao,kevin.ferguson2472@example.com,2024-06-21T09:46:28
32fee412-fdaf-4661-8b97-8ba99aa36442,Cape Verde,gary.david3789@example.com,2022-06-22T14:51:10
7ca190e6-41e5-4575-8bb1-eb1ec9bfe662,Netherlands Antilles,donna.le6276@example.com,2023-03-08T03:24:05
829bd806-580c-46ee-a3fc-3a346be11d78,Sweden,megan.elliott2504@example.com,2021-11-12T17:52:17
a3031672-75d1-4ed4-a5e4-b98d8b5746d9,Sierra Leone,christopher.fry3506@example.com,2024-03-13T15:37:16
c11e60dd-4a87-4aad-a4af-48c18a2893a1,Montenegro,joseph.clark1053@example.com,2023-07-08T19:30:43
9d2c2dc9-08d3-48d5-80e4-70fadac984c4,Tuvalu,christine.johnson6798@example.com,2024-05-30T22:24:00
81887490-65c4-43af-ba02-825142b37450,Gabon,amy.may6679@example.com,2023-10-19T21:31:08
c856874a-9c1a-4fe2-b81f-f674089d713e,Iraq,john.aguirre5422@example.com,2023-01-04T17:10:10
62ae415a-1645-4506-a59f-62e8e760d10a,Cayman Islands,shawn.barker8891@example.com,2023-08-13T13:42:43
290fa3a2-9404-485e-ae71-fc7d8d9fc528,Guam,robert.marshall7634@example.com,2024-04-29T01:57:54
d4b64e5c-ccba-4ebb-a9a5-744213a40e04,Ghana,douglas.hensley6813@example.com,2023-03-20T04:22:43
d7a98757-84b3-4f9d-ab59-eb30ff66a7ee,Heard Island and McDonald Islands,theresa.anderson1021@example.com,2023-12-08T15:52:55
5959c605-5474-45e1-b3dc-73559af4d1d8,Lao People's Democratic Republic,anna.flores3389@example.com,2022-04-07T23:58:44
38320ed3-151f-40ed-94b6-55a604a8a1ac,Bhutan,joseph.wright6884@example.com,2021-12-17T06:43:59
96b6aba1-7233-4505-bfa4-b782923881c3,New Zealand,kelly.cruz6382@example.com,2023-07-11T05:13:27
c499cae0-9171-411d-8325-ce51d5ccc298,Cayman Islands,john.grimes9570@example.com,2023-02-20T07:43:23
75d30607-85fc-409b-bb30-ae5d7e9d8dcf,Comoros,sarah.griffith321@example.com,2022-06-04T04:44:48
a5e6d850-f781-4390-8e40-8277345438d0,Luxembourg,tyrone.robertson9433@example.com,2023-01-21T23:15:14
c73b56ad-e674-4a92-9570-5b45b81a8952,India,tyler.davis6233@example.com,2023-11-23T20:21:59
c52603bd-c0ba-4f5a-beb1-df060ae88219,Mozambique,stephen.allen7815@example.com,2023-03-31T20:54:49
63a0a9c7-8565-4216-ba9f-c8c4cbb2c757,Nauru,brandon.campbell97@example.com,2024-07-12T00:36:47
7cc239be-7d7d-4ac2-97dc-5bf0fd6819ea,Algeria,emily.mitchell5764@example.com,2022-03-15T15:48:46
1bd04bc6-b0bc-48a3-b078-e6d322b8e433,Saint Lucia,ryan.khan4893@example.com,2023-04-20T21:12:35
8fe7bd53-691d-413a-90e9-f9e1cd6dd69d,Iran,kathryn.diaz6390@example.com,2021-12-18T03:19:40
b7bab4af-c48a-47d7-8483-fdadd2a2bd9c,Mexico,ashley.lee6866@example.com,2022-12-21T23:52:56
a951e9d4-89e9-40b3-9dcf-d140d23fa0fb,Serbia,charles.gordon8819@example.com,2024-01-31T20:11:21
915daa10-9b26-4ed6-8e06-0d7745b86682,Pitcairn Islands,joshua.hays8948@example.com,2024-05-05T21:22:14
a6da9278-8034-4690-a392-ec00a180b4e0,India,david.hester9884@example.com,2023-05-02T09:52:24
811b70a4-c020-465e-87db-c7df755b4e76,Wallis and Futuna,laura.morgan3614@example.com,2023-04-20T14:49:28
3aac4318-598c-4db9-b142-9e5d94d590bb,Madagascar,kari.gonzalez8000@example.com,2023-06-15T04:49:34
4052ada9-c91a-4c40-aea5-1e664dcf702f,Burundi,vincent.williams3596@example.com,2023-03-01T00:41:18
ead66e7c-eaf4-4a36-b619-157f298be13a,Canada,linda.stone4472@example.com,2024-04-28T11:03:41
8d9dee52-4ada-4572-8b16-04ef326c1661,Venezuela,patricia.taylor7141@example.com,2024-05-09T00:52:02
55f158b2-11e5-4e89-a71a-5c41d458d44c,New Zealand,lucas.long7957@example.com,2023-01-07T12:17:45
0d385c02-d56d-414d-acd2-c4166f358470,Madagascar,brittney.romero476@example.com,2024-01-04T15:05:54
2eda0207-7f35-4c62-a12c-bf400586f7dc,Lebanon,tracy.hart6372@example.com,2021-10-25T12:18:06
125ec344-b693-4258-923a-f08fb8ed779b,Israel,micheal.nunez5508@example.com,2024-03-24T10:01:27
99e94d31-cfb7-4f56-bb8c-c9249d02ef7a,Tunisia,kyle.roach6625@example.com,2024-09-02T12:09:27
65cfcc08-6fb7-4848-af70-e3fe59caa196,Estonia,crystal.carlson2705@example.com,2024-07-14T02:14:02
47e37d8f-cd7b-43ca-acf7-1763c4a19d8f,Montserrat,krista.parsons7658@example.com,2022-09-18T03:27:26
46f62b4f-0dc8-4839-befc-4c81ee6a3ece,Chile,jennifer.silva2092@example.com,2023-12-23T00:49:44
27a857c6-6d66-44bb-a60d-6bf8b6680817,Tajikistan,cristina.harvey8752@example.com,2023-05-13T06:33:15
39af639a-34bc-4d74-b59a-9863b47a1a9d,Antigua and Barbuda,dylan.becker442@example.com,2024-03-07T02:59:52
3aa09c87-c44c-4a98-8662-87576b5a70f5,Andorra,stacy.rodriguez6456@example.com,2023-08-15T19:08:26
327fd040-ab76-461a-9810-a32be4e04be6,Portugal,lee.hernandez9698@example.com,2022-08-12T09:39:50
9b29f7c4-4822-4905-91f8-80fb02fa65d6,Uruguay,robert.hampton9247@example.com,2023-10-02T06:45:25
93528261-ae64-42af-8cab-f3458b0e15e1,Bahamas,monique.fitzgerald445@example.com,2022-05-02T04:07:09
8023d8e7-5e7f-4990-881c-dcd195c91e1a,Panama,april.hoffman1376@example.com,2023-10-12T18:59:38
6fa63af0-cc23-4184-b243-f12330e0a32e,China,alicia.edwards7023@example.com,2023-09-13T17:31:46
8d9ea6c5-58d7-44b4-8c4b-dfc7cc701590,Guinea,rhonda.peterson2224@example.com,2024-08-14T14:14:16
809a4c39-8692-4926-b28c-f2b507ef628b,Norway,kelsey.le7565@example.com,2024-09-10T16:37:29
9d9f89cf-2f00-4e7e-9b4e-3f75cd729285,Egypt,joseph.washington2978@example.com,2022-12-07T02:08:36
963f23ed-703f-4c05-b94d-abc27c7adb71,French Southern Territories,angela.walker824@example.com,2022-12-22T14:53:10
90b3554e-af71-4421-a940-7fe17dea3000,Liechtenstein,janet.vaughn4263@example.com,2023-02-04T04:10:00
e7305dc2-0fc8-427f-b796-69a3c4326f79,Vietnam,timothy.castro6212@example.com,2022-11-28T11:16:01
2a7655f1-fa6d-4bca-8375-80cd70c6f425,Mauritius,keith.berry5364@example.com,2023-05-12T12:03:22
e1661799-ce1f-4707-b8a4-619563596ec1,Guatemala,paula.foster3468@example.com,2022-05-15T05:03:24
7aeb829a-1239-4fb4-b5f9-afb7415603d2,Rwanda,kelly.roberts7450@example.com,2022-01-30T10:27:43
01a306f7-6b56-4a80-bb37-c00159232cf0,Equatorial Guinea,michael.ramos5356@example.com,2023-10-13T21:24:02
13044259-97f7-4f88-b3ed-1bfc543c89ea,Faroe Islands,jason.clayton5530@example.com,2024-02-19T17:34:53
fc7164c7-86c3-4920-b684-6d061d435fc4,New Zealand,heather.taylor6212@example.com,2024-03-29T06:39:28
cd4df639-8aaa-4a03-bcac-378a7c15eeab,United Kingdom,john.williams4559@example.com,2024-01-02T14:41:34
4590d670-3e00-4f9c-a0ce-8771b06d61c7,Bolivia,jeremiah.hall6907@example.com,2023-07-03T17:01:22
6d79b09a-f9bc-4a72-a7f4-9cbfea4f0544,Pitcairn Islands,mark.kennedy4134@example.com,2022-05-01T05:10:25
ff40d80c-d57f-472a-b563-aa44760fc6d2,Vanuatu,adam.pierce1342@example.com,2022-06-02T00:30:04
93be2532-9728-4ee6-a5da-f05f868caab6,Turkey,richard.donovan7706@example.com,2023-10-08T15:23:57
2f4b8364-7bc7-4328-a737-ca01755198d6,France,thomas.gonzalez318@example.com,2023-02-10T14:01:51
b88e73db-8bf2-4317-a624-c92eff511e2d,Seychelles,justin.brown8838@example.com,2022-02-15T15:22:06
17db087c-4776-46a3-ac24-6f614a2a8f94,Saint Vincent and the Grenadines,denise.hall854@example.com,2021-11-26T14:36:37
165bbcc5-c56a-4eb3-8955-2d6442f2e457,Turkmenistan,robin.thompson5734@example.com,2022-06-29T17:54:32
f8a7519f-24f2-4570-a4a5-ac8b8b5fd08a,Taiwan,sarah.johnson3674@example.com,2023-06-08T09:03:41
e222ed26-e88d-4a88-b94e-50934daac81e,San Marino,kristin.lopez1125@example.com,2022-12-23T08:08:31
0a3a15e7-1460-4a90-99b6-9402a6317c01,Mongolia,nancy.smith660@example.com,2024-04-23T01:24:32
04f485d7-9c12-4525-8547-ca46c76735b7,Finland,daniel.bird509@example.com,2023-09-05T11:23:32
5a4eb921-980d-4818-a0d6-81de3e952261,Lithuania,veronica.daniels4052@example.com,2022-04-26T03:22:03
ed40943d-0718-4d02-8eea-29435f4cd077,Congo,melissa.mcdonald3267@example.com,2022-03-23T15:48:24
6a3d08f7-07ff-41c7-9429-ba50ca972449,Oman,mark.simon334@example.com,2022-11-03T07:33:39
e46c1589-0631-4138-9338-3dbb63d16662,Guadeloupe,jennifer.smith2497@example.com,2022-12-31T23:19:57
085a361e-d998-4a6a-8b12-5ad4260afaba,China,ashley.todd3909@example.com,2024-05-05T18:03:56
869a0522-baf1-415d-b5f8-15db00cd3d31,Sweden,melissa.prince2069@example.com,2023-07-26T01:57:50
3bf9dcfb-6891-4757-b087-439e0370b381,Paraguay,zachary.miller7759@example.com,2022-02-24T20:14:44
978496c7-df77-4e8a-a92c-d6ad552f3e73,Gibraltar,jack.taylor1875@example.com,2022-10-19T23:53:48
8599d3a8-26c2-4960-ae7e-55082e91597c,Kiribati,adam.reyes9241@example.com,2022-11-18T10:18:03
0a0358da-6202-44d3-9955-994aad6e25e8,Saint Kitts and Nevis,stephanie.turner3572@example.com,2024-03-07T14:26:48
14df31ac-7d5f-47b5-97ee-ce616740658c,Puerto Rico,alexander.valdez7620@example.com,2022-10-01T18:01:47
7c848139-057d-480b-a6df-6e065265ab55,Gambia,bryan.wilson4199@example.com,2022-06-04T18:42:21
a73edaf7-defc-4de6-a40c-8b0b7b8b9e08,Ukraine,richard.shaw6044@example.com,2024-09-26T14:32:18
66220281-f0e4-4c16-859e-77a2c54aaa48,Northern Mariana Islands,kayla.vaughn2750@example.com,2022-12-31T23:49:48
04a75177-962f-4fac-9170-b4788ad1ae22,Burkina Faso,michael.walker9927@example.com,2023-10-12T11:56:40
6cfd6c6e-790c-4899-9790-f0ef44a35ffb,Netherlands,eric.adkins9950@example.com,2023-05-03T01:46:29
147875e5-c076-49aa-a7a1-608581e6d835,Latvia,robert.dunn1877@example.com,2024-01-12T16:08:34
b7bd25b2-95b0-4fa0-b6e5-d69debbdc316,Serbia,laurie.petersen2684@example.com,2022-10-19T02:12:39
addd70ae-dd22-49d5-ba62-7b42acedd009,Solomon Islands,erin.larson5097@example.com,2022-02-03T20:22:38
09f7404e-7761-4fd0-a9ba-8b1c0997e3b1,Guyana,alicia.rice1772@example.com,2022-01-28T23:54:41
31195bd8-4d6f-4a36-98e5-14a7591adebe,Switzerland,samantha.rodriguez9482@example.com,2024-01-28T09:52:29
029c2d00-6443-4cb0-b3ab-cad2bef3cf40,Martinique,rebecca.harris421@example.com,2022-05-20T10:55:58
5636205c-a3b5-4098-aaeb-a7279ad46423,Kenya,franklin.bond5112@example.com,2022-03-29T05:46:23
0184819f-13e6-4f86-8e7d-efdccc6a48a3,Liechtenstein,erin.love9434@example.com,2022-02-17T22:34:52
6e98ca44-ab61-4996-9234-5fc9b36774b2,Azerbaijan,rachel.griffin6150@example.com,2023-09-04T01:12:45
352a24c4-f522-4d6a-826f-6aebc04bf436,Monaco,david.perry6499@example.com,2021-12-28T08:36:51
8e124c0d-ef1a-4560-9fc5-4bcfdabc3b97,Gambia,angelica.chambers3250@example.com,2021-11-02T11:41:33
f339a443-e910-4de8-b450-a29d1118edd3,Samoa,randy.velasquez1246@example.com,2022-09-03T03:58:50
4b6bfd00-5ef0-41d9-a141-49ecd2a85d49,Guatemala,beth.williams9701@example.com,2024-09-21T16:16:19
1acc9333-9a73-468e-a06d-7e99022a24d3,Vietnam,bryce.mcknight3979@example.com,2022-01-14T21:15:04
01ff0b78-4d2c-43f0-a77f-218657f37032,France,valerie.kennedy1670@example.com,2023-06-26T19:41:43
3255671d-628c-46b8-90ea-0624b2db31f4,Norway,hector.taylor4942@example.com,2024-06-29T00:12:47
1118029b-d32c-4f9b-95c1-9fc941f99320,Uganda,tamara.brooks9838@example.com,2023-05-16T19:54:17
3888232e-a2e5-4041-a7d1-8399c13c1f88,Honduras,shane.stark1984@example.com,2023-05-06T05:06:42
bb9789ed-734f-4953-86f1-71925f17bb77,Tunisia,christopher.brandt9273@example.com,2024-01-15T10:36:08
c95dd7c0-b294-4697-9af4-6faa8a26f095,British Indian Ocean Territory (Chagos Archipelago),dean.dalton673@example.com,2022-07-03T22:00:36
02ad19fe-305f-4acc-9b3b-b07613c05913,Brunei Darussalam,victoria.long5689@example.com,2022-09-10T14:31:26
51ef0b00-cf34-4044-968e-aa89fbfefc20,French Southern Territories,mary.avila8729@example.com,2023-09-18T22:04:03
2881e264-624c-4014-b6eb-e69a65164f24,Marshall Islands,emily.stephens7019@example.com,2023-05-11T20:28:57
8832866e-c411-4c14-adf4-7df9197a4b65,Guatemala,madeline.wright6072@example.com,2022-05-28T15:22:30
8a6c6835-906b-401d-b67f-f3e85dcf9be5,Saint Kitts and Nevis,joshua.pineda1130@example.com,2022-03-23T23:11:03
898ba4a0-5029-437a-891c-2f199a7e1a5f,New Zealand,antonio.keller8290@example.com,2021-10-23T23:20:55
4d48c41f-fed9-4d9c-9f9b-29b5fdb9e59a,Nauru,john.jones5591@example.com,2021-11-20T19:50:43
59f78233-30d5-48ed-8162-24f831efb1df,Tunisia,sean.powers208@example.com,2021-12-14T06:48:57
55943005-9ade-4fe6-8262-808662f2051b,Kazakhstan,john.williams6883@example.com,2022-09-28T16:49:57
5f4bcdf3-df3f-42aa-97cc-2b53722ef243,Singapore,amber.webster8032@example.com,2021-12-26T08:25:02
618cbf7d-ee82-4e2c-929b-473e214fee2c,Djibouti,donald.holder1730@example.com,2024-03-12T14:58:52
f4b48588-71c1-4360-ab0e-024aa2c520e7,Peru,luis.harper7103@example.com,2023-02-09T19:17:35
36903629-fe8b-4138-b3a9-99aa4ec6917b,Panama,joel.walter5935@example.com,2023-12-18T09:40:44
42db801b-df53-452b-9581-0eb211577f81,Bahamas,jeffrey.turner7533@example.com,2024-02-11T11:59:12
eb801e99-6fa1-416d-823e-afcd635fab11,United States Minor Outlying Islands,stacy.hobbs2507@example.com,2022-06-28T17:28:10
2ff6a367-1cca-40b9-b6b1-879dd0645096,Lithuania,connie.simmons7136@example.com,2021-12-11T11:59:48
7b2895ed-eeb4-435d-832e-5b51e354ea8b,Paraguay,teresa.david2886@example.com,2023-05-14T18:30:20
40500e11-a1ec-474c-a864-12c55610ec79,Israel,kristi.flores8549@example.com,2023-06-25T21:02:11
0d6373dd-e5c8-48df-9d0f-995953447ddc,Saudi Arabia,edward.bennett4426@example.com,2024-01-13T07:27:01
4095f8ad-dca2-49f9-bbae-1481ddcb74d8,French Southern Territories,thomas.atkinson8818@example.com,2022-05-11T21:51:15
bdaf504a-a72b-409a-a398-1c2afa13737d,Moldova,linda.melendez7922@example.com,2023-07-02T17:45:46
5974bdd1-80e6-42a0-bd5c-4988c2d4047a,Burkina Faso,tammy.grant7617@example.com,2023-05-26T01:20:34
61297b97-eb57-49bf-8cb2-9ca000767df1,Oman,john.harris7137@example.com,2022-01-30T11:59:25
b23dbbc3-5d09-47fc-918d-78eefae995e4,Bermuda,sandra.boone9708@example.com,2024-01-09T17:58:16
ad607ec3-d9cd-46e3-ad42-6027902fdbb1,Ethiopia,jenny.lee4398@example.com,2023-05-08T13:52:20
1f946c67-04e0-4c9c-abaf-ee482dafa360,Tunisia,emily.morrison5281@example.com,2022-01-20T17:37:39
50e026ff-b62a-48cf-bd6f-6e9ab88b355a,Saint Kitts and Nevis,jacob.gill4023@example.com,2024-08-07T17:31:15
5bdad852-0178-4dd4-ac8a-b32fde44e7b1,Trinidad and Tobago,angelica.mendoza1420@example.com,2023-02-28T21:50:25
92cd0439-d0ef-4a86-bd44-67b87eda53bc,Croatia,kevin.stout4570@example.com,2022-07-21T20:37:40
83128ff2-63ea-4a4e-ba67-392654ecdd21,Saudi Arabia,suzanne.wilson7386@example.com,2023-10-13T15:29:43
27ef357b-72ad-4c2e-bd54-3bf418e31785,Romania,robin.dominguez3996@example.com,2022-08-13T08:50:01
15138a03-7a1f-4ae2-8b31-edac049f4248,Gibraltar,randy.allen7614@example.com,2022-12-13T09:14:34
e200d316-2d44-4e74-97c8-76b798a2de72,Guinea-Bissau,oscar.ferguson9337@example.com,2023-01-21T18:50:50
895084bb-e1ac-4f87-8526-128955f45de5,Luxembourg,jose.hunt6210@example.com,2023-09-23T13:55:19
11aa42f8-32dd-409c-8874-1118e8df876a,Latvia,corey.zavala5512@example.com,2023-02-09T03:11:35
95b9a911-8f23-46f6-9c7f-d60c8f96d985,Isle of Man,robin.wood471@example.com,2021-12-09T16:25:35
6c335795-d762-48ca-893e-2c2ccf505994,Cameroon,anna.walker8099@example.com,2021-10-24T20:45:10
9f523557-e739-4ac3-8e80-333a3cae4115,Morocco,jose.donovan5326@example.com,2023-07-10T08:28:12
a0ce9979-ca45-4123-b368-2c7399d7559f,Denmark,kenneth.gonzalez2980@example.com,2023-05-12T17:29:03
0a1a83a2-b753-4a0f-a437-2bfeeb937566,Mayotte,ashley.sanchez7989@example.com,2024-07-12T13:35:05
7164a541-96c7-403c-8c0d-d0918ef636c2,Serbia,sherry.morgan3476@example.com,2023-10-28T17:08:45
52a5465c-0691-4e1d-bbac-97fac17c3559,Liechtenstein,tammy.may5814@example.com,2023-09-15T12:58:53
b99f2a36-5c15-44a4-8075-1e8a4e8c791a,Chile,gary.norton4233@example.com,2022-05-05T02:03:47
9c4c6850-f99a-4820-9cfa-5c62d09f28a9,United States Virgin Islands,jennifer.freeman5577@example.com,2024-01-19T20:21:28
09b3d2a1-9bf3-49a6-9bce-5c21e6bf5d2e,Mali,veronica.bernard4582@example.com,2021-11-21T05:04:19
4cc97786-71b8-4908-a56e-6ecf147d2b52,Svalbard & Jan Mayen Islands,mary.jones9768@example.com,2024-08-02T16:54:44
46d93888-f5d7-4d81-a993-e2e2514ecf57,Burundi,brandon.smith4527@example.com,2024-06-05T10:17:34
cff61416-d53f-4568-9ce0-cffef8db5755,Algeria,jesse.mann9107@example.com,2022-09-04T10:29:29
8b4ce0cf-ae9c-4580-8ece-b1ce3821a74b,Nicaragua,william.brooks167@example.com,2024-06-16T08:16:34
9740662f-36ac-4758-9c89-bb7e895417d2,Liberia,elizabeth.jensen8465@example.com,2024-07-19T19:55:58
75ab0f2c-3aa1-4197-8b20-bf608c581373,Mexico,tony.smith3131@example.com,2023-06-30T15:50:32
b73b4371-c97f-46e8-bc96-c3401e4bfa05,Falkland Islands (Malvinas),alexander.moreno1403@example.com,2024-01-09T21:47:42
a881335c-54a0-42c1-a605-92bf0ba0089b,Suriname,tiffany.smith3955@example.com,2024-09-17T18:06:11
c917f8ab-9062-46c1-887e-223d9842d484,United States of America,emily.drake6659@example.com,2022-07-05T03:35:00
0d3ea0d5-c6a7-4497-859c-72b25661826f,Canada,daniel.davis8005@example.com,2022-10-09T00:00:01
a036577e-306c-4647-a23c-28e2ec7ebaeb,Suriname,james.fox9097@example.com,2023-04-03T06:33:11
12b128ee-fa97-4e28-8330-a8627fbd08de,Holy See (Vatican City State),joseph.sanders3938@example.com,2023-06-22T09:49:48
94ebf368-3d65-411d-89ee-e93ab30a05bd,Qatar,stephen.sanchez7801@example.com,2022-09-15T12:35:59
fc5e1658-b86f-43bb-bf55-373eaa705610,Belgium,kevin.clayton8042@example.com,2024-07-11T05:03:54
39402986-2ed1-4cc5-bef9-36a1768d39b2,Antigua and Barbuda,victoria.santos7343@example.com,2022-02-21T21:58:57
2b527916-97d6-4a48-8079-add37a87b155,Lebanon,richard.bennett283@example.com,2021-12-25T20:08:51
10c70e90-3955-4adc-b715-39e5b00ad503,Belize,dana.warner1525@example.com,2023-11-15T04:06:09
a1ddc9b6-c823-476f-8941-6d46023b0888,Greenland,megan.newman4821@example.com,2024-02-25T16:41:42
6b6fc60b-4bba-456c-961d-67c2c69e587c,Ukraine,tiffany.dickson3631@example.com,2023-12-29T03:13:57
b417af8b-3eb6-404e-88bb-24b9ee4369d3,United Arab Emirates,samantha.hall6626@example.com,2024-09-09T02:23:15
de3f6dcb-7531-4647-9a05-1086b208fc9e,Aruba,paige.alvarez3987@example.com,2022-01-23T03:55:39
7c7f7145-87bb-4b06-bdd2-805e92e20d03,Mauritius,gabrielle.ramirez5017@example.com,2024-02-22T01:12:05
bb4e23b4-eacd-42ec-a97c-95b976e088c4,Thailand,dominique.white9529@example.com,2023-01-31T04:52:13
e5481ba8-e524-4c1c-8e67-790083f7d921,Cambodia,alexis.clark6047@example.com,2023-06-10T09:34:58
4aee7c3b-726e-4658-8cf5-b763f36772cb,Monaco,sarah.evans7754@example.com,2022-10-08T05:29:03
b77fa61d-2302-4b92-9857-dde3d57b7135,Philippines,ashley.atkinson9069@example.com,2024-01-17T09:39:33
beac6444-7b0e-4450-9299-16d9923f890a,Burundi,martin.campos8699@example.com,2024-09-04T11:23:26
cd79ea17-18fa-4996-be66-8f8f2d7303e3,Guatemala,jennifer.mason5633@example.com,2021-12-22T01:58:45
0f1717b5-c0b2-49d9-8735-9a8fb9dd5bc6,Belarus,connor.hall6972@example.com,2023-03-12T18:14:56
ea3af4c7-0697-4725-8cc6-b6b2c8292ed1,Nauru,cassie.austin9018@example.com,2023-06-07T22:11:33
8d58e46c-a2ef-4a30-9d9c-dc23af9bb063,Norfolk Island,tanya.nguyen5420@example.com,2022-11-28T06:24:04
38571381-a300-42e5-a670-c62e09edc106,Denmark,kristen.hayes5765@example.com,2023-04-05T09:38:02
c8fe27e8-f415-4d15-8052-a1fc94f5720e,Colombia,angela.bennett7435@example.com,2024-08-20T12:53:31
698cf2c0-609e-4eda-acd0-21e5916dc437,Sierra Leone,brenda.james4439@example.com,2024-05-17T15:42:11
68a50b5e-1332-4d9b-b3bf-fa86149c98d3,Barbados,kenneth.wright5024@example.com,2022-02-04T02:37:47
8933932a-986d-4941-8212-7d8c6849e010,Slovenia,joseph.james4119@example.com,2024-06-10T09:34:08
6d585525-2abf-44b7-af1e-aed5ae5d6f29,Guyana,eric.price3778@example.com,2022-03-14T04:32:14
9bf89991-4946-40e3-8124-b974a2f7fefc,Kenya,christopher.hahn1977@example.com,2023-04-11T18:43:40
d2b3922d-2be0-4985-8900-f6c57d71ff4f,Benin,kathleen.garcia3156@example.com,2022-07-17T18:30:11
84175433-83de-4df8-9ad6-70e8566d5564,Malawi,ryan.hawkins5170@example.com,2023-06-25T13:01:14
e12f98f9-ac9a-4f75-9adc-6989bc38609f,Mexico,dakota.davis1959@example.com,2022-02-21T05:43:05
1899de08-a08d-48a3-bc06-18d1dc41b0cb,Tonga,candice.mueller8780@example.com,2023-05-21T02:44:30
cf3086fb-5818-464a-85f2-bfcac1e851d7,Slovakia (Slovak Republic),alexander.gutierrez3034@example.com,2022-02-08T05:51:28
a713c31f-8bef-4afc-b7c6-a3c1cc81bc81,Ecuador,jenny.hansen3139@example.com,2024-03-06T04:15:41
e1ae9e5c-417b-4037-9eef-dac621111743,Chile,adriana.jennings3546@example.com,2022-05-03T08:21:49
60136765-b0a6-4832-bb4f-83c9d538b780,Cameroon,joseph.adams7934@example.com,2022-01-05T22:48:05
7dd2ef91-8cff-43c2-b5b5-a6cc1f3ac2d3,French Southern Territories,gary.hill4531@example.com,2023-10-21T21:28:58
b7a20a72-86f1-416b-a4c7-4bd5671d9aa3,Western Sahara,kirsten.ward9660@example.com,2022-10-17T17:34:30
d4fe3c47-b2a9-4795-b654-6c04dcf712f8,New Zealand,jennifer.simpson8596@example.com,2022-07-30T10:35:50
e410df26-3156-49cf-b9a6-9dc24b2757b1,Albania,stephen.taylor9778@example.com,2023-06-06T08:29:50
03c59065-ad74-4011-8eef-d66b74e47d5e,Spain,martin.oliver4637@example.com,2023-02-23T14:14:12
3f8866dd-48cb-429c-a401-cb01e6336d3d,Swaziland,scott.jordan1648@example.com,2024-07-07T00:26:39
ac7e06e8-f325-44fd-9521-0352d2122396,Gibraltar,terri.taylor3181@example.com,2024-04-23T17:22:37
3488feaf-76ef-43d6-8669-71991d9eb761,Germany,stacey.harris4854@example.com,2022-07-02T14:49:42
f3be4ee0-df7f-4c56-9663-a320e0c82b6c,French Guiana,tamara.novak3728@example.com,2024-09-13T05:56:04
0ccbe01e-70be-4a03-8d07-ad483bcacac9,Slovenia,cynthia.faulkner5913@example.com,2022-10-11T06:15:50
bbe86643-d7fd-441a-accb-f4bd12d507c4,Solomon Islands,mark.ramirez2940@example.com,2023-06-02T01:42:52
456edf27-8bc2-4f30-a2b9-abb66fd6bf46,Cook Islands,michael.frederick4953@example.com,2024-04-06T15:51:18
e2060563-1faa-44f6-9b0f-eee335dc5e23,Seychelles,wendy.white232@example.com,2024-02-01T05:12:51
5e1a4b69-c633-4c76-8c40-3051c1788e2b,Western Sahara,anthony.acosta8752@example.com,2022-08-21T08:17:23
5e09c136-4f1a-4345-82f6-dda84dbe097b,Puerto Rico,samuel.carter2074@example.com,2022-01-15T02:27:11
55e82c1d-433c-4f13-9b48-23991634e9d1,Ireland,lori.flynn4495@example.com,2024-08-10T02:27:23
1ce51722-43a7-4bfd-87cc-6405e1c32bc8,Dominican Republic,victor.schultz746@example.com,2022-10-27T04:41:13
8b59b5e5-3637-41f8-a2d5-b6bc780af300,Somalia,donna.espinoza894@example.com,2023-05-08T07:16:03
8079e016-911f-4d4a-ae62-50c75658d997,Lesotho,charles.ewing9067@example.com,2024-03-22T03:39:41
b57c3305-0701-49da-8799-985fc46b8f72,Uruguay,richard.hunter4787@example.com,2024-09-08T04:48:24
f20e6149-f7b1-457d-921e-240097011e58,Guyana,robert.johnson2069@example.com,2024-09-23T14:51:11
1642da7f-b3ef-47a8-9925-50f683070763,Northern Mariana Islands,paula.herrera8043@example.com,2022-02-08T16:23:14
b40f73b7-3303-4125-8159-b34accf7491e,Papua New Guinea,daniel.wright1681@example.com,2023-04-04T03:43:09
4003fd55-49d9-476c-813d-a33de49b142b,Monaco,gabriel.salazar201@example.com,2024-06-27T16:32:14
a28ec366-081a-4967-8d90-b3fddac44d88,Sao Tome and Principe,erica.ross9406@example.com,2023-02-26T18:51:07
293d31b8-8b6a-42ae-83e2-f6f49550af2a,Algeria,tammy.jordan4659@example.com,2022-03-01T20:21:00
9e5a4cf0-2876-48c4-a86c-feb255504c9a,Malaysia,jonathan.dixon7691@example.com,2024-02-13T11:32:00
c1c551b1-b97d-4b96-9239-a2b839cf407c,Kiribati,beverly.johnston7844@example.com,2023-05-03T20:13:10
12ddd9b8-8777-4fb4-811a-dd376f90219b,Myanmar,peter.barton7217@example.com,2024-09-06T05:23:58
c65b90a3-cb9e-49fc-9c45-662094e84f6e,Anguilla,vincent.cooper5583@example.com,2023-10-19T15:02:30
40ab2bba-7772-47c1-8a3a-ea847afeddb6,Belize,dan.perry3021@example.com,2022-03-28T23:24:34
862fb8ae-042f-4f74-a02b-af0420bef8af,Guernsey,marie.cross842@example.com,2023-01-27T04:08:45
26aedca7-5e2a-4c72-ab6d-dfd0e92709e7,Maldives,matthew.mueller4137@example.com,2023-10-19T20:49:02
49cfd4ba-a8fe-40a0-b416-617f540a3dc4,Saint Helena,michael.davis7828@example.com,2024-09-16T01:14:54
2a07aa01-92e7-49c9-a77d-42d0413928f2,Aruba,shaun.jones1870@example.com,2022-03-27T10:43:15
09930570-5d13-4e3a-9a7d-a7c607acc7a7,Botswana,andrew.cooper1071@example.com,2024-08-16T13:36:54
45192c17-ac32-43b9-b35f-998d9e7aa1b2,Saint Vincent and the Grenadines,lauren.spears6566@example.com,2022-10-13T13:45:53
ba28f3e8-eae3-43bb-b970-3022e158d9c1,Greenland,zachary.arnold8057@example.com,2024-02-16T08:42:46
ce01623b-dece-48fd-b2ab-84696a29282c,South Georgia and the South Sandwich Islands,ronald.murray1214@example.com,2023-06-20T21:17:38
ddcbdf7f-807a-4694-bb9d-725bc1439b68,Palestinian Territory,crystal.lopez9454@example.com,2023-08-01T23:10:16
cc9cd972-4a4f-490a-8faa-943169678bf9,Turks and Caicos Islands,randall.mclaughlin879@example.com,2022-08-02T04:49:09
5338bd19-ac87-4248-9c8b-d937f5011da0,Albania,shannon.jordan2486@example.com,2024-09-28T10:28:45
805f4d2e-6d31-4686-8481-0d3237dfa2c3,Romania,jason.ramirez2445@example.com,2022-01-04T20:34:36
bd174da6-8834-462f-89be-4e37cffd29c6,Martinique,barbara.lloyd9222@example.com,2022-07-17T02:23:56
6654449a-33f2-4da0-959f-56962cbd21a8,Brazil,michael.gonzalez4979@example.com,2022-11-11T05:16:28
03e75111-6307-4bbc-8344-382211fd89e0,Northern Mariana Islands,emily.burns1396@example.com,2023-01-29T12:34:59
1146deee-7aa0-44e1-8343-7c985115c878,Myanmar,candice.carr4067@example.com,2022-03-26T02:54:41
acb9290a-b6fb-4bd9-89d6-e2a8bd9b7c9c,Nicaragua,michael.bruce1941@example.com,2022-06-24T16:19:22
a9be5b88-df91-4847-95af-3322a68bc8fa,French Southern Territories,lisa.mccarthy9144@example.com,2024-05-11T05:40:27
098e3f12-b8f4-46f9-b057-594cc7d0b10c,Germany,brittany.powers6819@example.com,2022-03-31T18:13:55
8dee49a3-8251-4835-b527-54f1cca0b7bb,Holy See (Vatican City State),john.wilson9934@example.com,2024-09-10T21:13:09
a01051a5-d3d0-4b67-9998-1a54072ad405,Nauru,donald.price9767@example.com,2022-05-01T20:05:47
38a91aa6-998d-4747-9a70-f481ca448c39,Libyan Arab Jamahiriya,bailey.henderson3698@example.com,2024-06-12T21:14:58
242b7c5b-2d7d-4469-9981-63b4159f8d89,Venezuela,amanda.ellison8562@example.com,2022-06-25T18:41:33
9597c2c2-f82d-408c-9cee-51e285511504,Burundi,angela.burns6233@example.com,2022-07-17T07:34:18
1644862c-86e5-496c-83cd-8619c2079322,Austria,leonard.hayes7382@example.com,2023-04-10T09:58:53
fba0ab6e-7d50-4ae8-a5e0-3d8da8ca0c52,Congo,stephanie.washington7254@example.com,2023-05-19T02:30:26
1c00f06c-b0ba-4e3d-808e-48cf54584b1e,Lithuania,tamara.wagner4872@example.com,2023-06-27T05:39:54
cc0c77c1-fc28-437f-a1e1-d316eb613c0f,Tajikistan,gail.perry9643@example.com,2023-08-20T04:01:24
c58993e3-6565-4c8d-8ac2-a244035bab31,Antarctica (the territory South of 60 deg S),tracy.miller7026@example.com,2022-09-07T05:58:01
c401befe-097a-4b14-87d5-7d277ac49dc1,Martinique,kelly.hill5004@example.com,2022-12-22T02:26:25
aa9e35a6-3444-4056-82a0-d6a1f9de6181,Samoa,gary.ellis9317@example.com,2023-11-08T02:39:03
b75a9349-16ac-4086-bbd7-eb969fb829b1,Brazil,andrea.wilson987@example.com,2022-11-19T19:39:12
61cec9d4-779b-4e6c-ac5d-5084014e5aba,Haiti,kimberly.morrow9989@example.com,2024-01-19T16:52:22
877d647c-1533-4f70-9a86-198bae47705a,Saint Helena,lynn.williams1626@example.com,2023-08-16T07:22:11
34f0ebb4-f2a7-4e2b-bb6a-4ede24fcfcb5,Bosnia and Herzegovina,amy.fritz3405@example.com,2024-07-11T02:40:42
ce5b1025-7967-40ff-ae26-f6ffbc115ed6,Antigua and Barbuda,karen.evans3458@example.com,2023-08-29T07:16:05
349a2dfb-0a80-4d31-a2fe-86cd5e63239b,Benin,jose.atkins4336@example.com,2023-08-12T17:44:36
56000dc2-7cb7-4ce2-bb27-01722438e9ee,Sudan,michelle.wilson1331@example.com,2022-10-02T18:01:13
372fc001-d062-4b4d-a6ef-351db1240ff6,Portugal,jason.rojas2574@example.com,2023-03-28T08:29:46
16f8fb24-c547-4261-acda-30c2c979598f,Japan,michelle.bishop3930@example.com,2022-06-14T12:16:27
d658fa34-ffb7-4988-86ab-a87b7ece349c,Suriname,christina.glover2848@example.com,2022-08-17T03:24:53
f967c16a-1d2f-4dcb-8921-2ef76d76585b,Marshall Islands,linda.hudson9044@example.com,2022-12-10T07:38:24
04394f35-db11-4727-8027-85d6c956b9c5,Romania,candice.jackson1230@example.com,2022-12-28T06:14:36
6377517b-a17a-4e34-900f-9635032fc9f0,Togo,keith.adams2565@example.com,2023-12-07T18:48:42
4f5d3568-f45d-4597-8a78-ae1458b3fcc4,Bhutan,tricia.shelton44@example.com,2022-04-28T07:09:06
841db538-806d-43a6-b75b-1c02591449b7,Uruguay,sydney.floyd6694@example.com,2021-12-30T18:22:08
a00970d9-edae-49b0-a1e1-5e44174f1f53,Brunei Darussalam,victoria.camacho7382@example.com,2024-09-23T07:06:26
81c658f1-b1f7-43dd-970a-96e8876a4611,Rwanda,michelle.wright9730@example.com,2023-02-12T00:40:00
49c188f8-bde9-4731-afce-b6cb4593b897,Philippines,maria.juarez7700@example.com,2023-06-01T16:58:34
9a213a84-3f5c-487d-8c19-7183e1c214d8,Ethiopia,tracy.ray4772@example.com,2024-05-31T22:35:22
120e5c6f-5612-4294-812f-f5571c9be8df,Norfolk Island,robert.hayes535@example.com,2022-02-21T06:51:22
93132d59-7b89-44a6-9208-89f2dd82e08f,Puerto Rico,richard.brady3793@example.com,2023-04-26T00:00:06
9e7218f6-30b3-4687-84ab-514fda6cf687,Morocco,shawn.freeman4721@example.com,2021-10-03T12:14:03
eb589f69-1515-475d-8849-02e0dad8ef88,Bermuda,misty.boone4633@example.com,2023-09-11T20:15:29
a3c65c84-ea37-4bf0-a725-2b5e9500b044,Thailand,cynthia.terry7439@example.com,2022-01-06T01:10:12
8eceb775-5564-4800-97f6-3992d8c2892c,Japan,laura.sanders1167@example.com,2022-08-24T18:25:34
bc112f0d-924f-4713-a6c0-a032326d6566,Finland,troy.morris3825@example.com,2023-03-08T08:27:21
1e211e55-72a0-4f51-8e2e-fba7a8f06eba,Timor-Leste,amy.anderson4335@example.com,2023-10-23T14:44:22
86845545-f898-4ce3-8ce4-38aeec382b73,Serbia,kristina.shannon9664@example.com,2021-12-13T20:51:33
bc1eb45b-aad8-4c00-b810-6637660c255b,Taiwan,brandon.sims3242@example.com,2023-09-13T14:28:52
a078d853-232e-4c79-b1b4-b4189ace6035,Cayman Islands,allen.noble6966@example.com,2023-08-16T04:21:49
bd4b5ba7-e8c3-46a7-b0f9-5e800e68a099,Japan,stephen.braun1881@example.com,2022-08-09T23:00:01
7a4b0cae-80f7-4204-bd59-c8cae635d3b8,Turkmenistan,wendy.blankenship8923@example.com,2024-07-05T09:40:59
dd4b8766-77e9-4b6a-b09e-ecc11180bf88,Turkey,kevin.baxter3684@example.com,2022-11-29T08:13:01
c02a149b-9c72-4919-bc06-f4b789206a58,Belize,clarence.ward2442@example.com,2023-04-30T07:22:17
b6abb257-cb8d-4484-9516-ae5008702500,Austria,elizabeth.banks4353@example.com,2023-06-07T08:42:56
f9604e86-d7fb-466e-9258-cc9f97e3f636,Saudi Arabia,connie.barber2331@example.com,2022-09-28T09:32:46
342cc5f8-7376-4d37-a10e-dbf8a06a6193,Bhutan,ruben.davis1170@example.com,2021-10-01T08:31:53
6f62ac4d-9452-410d-b381-ea966d66d533,Namibia,jason.miller978@example.com,2022-09-16T01:02:15
8596b8f6-e129-4054-8c3d-7b529e3070a9,Algeria,april.wallace2719@example.com,2024-09-14T05:46:15
2757bdcc-4aa3-43a7-b507-2e128aad31db,Tokelau,matthew.martinez5040@example.com,2023-07-17T17:02:08
8177f11a-c414-4d15-954f-6aa898d3aa46,Denmark,heather.woods9750@example.com,2023-05-17T17:54:47
a44c8695-bdaa-4f39-8bac-a7826792150c,Bosnia and Herzegovina,christopher.shaffer9326@example.com,2023-01-29T10:37:15
5c258e81-f591-4248-8f33-0edb4062857d,Hong Kong,michael.evans4729@example.com,2022-04-24T12:04:56
26fc2918-d5a2-49c7-935f-3f4516fbcf0a,Bangladesh,darlene.byrd7196@example.com,2024-01-01T18:48:47
1c94fd88-65db-487d-9e09-f3094f4eb798,Chad,anna.bishop2038@example.com,2023-08-14T08:07:36
e5bc1b95-2141-4947-9534-e2997f3c1d4f,San Marino,michael.lewis7680@example.com,2022-05-22T19:40:03
da4d330d-745e-42ad-8eb8-5291fcb9fc53,Kenya,samantha.jensen4983@example.com,2022-09-02T03:29:59
f36349b5-b1fd-4ab0-b4da-de21129b2ef3,Sao Tome and Principe,christopher.garcia6595@example.com,2022-04-08T23:39:54
5675bf06-0853-4064-8cdf-b52abf4505db,Japan,brittany.cruz4461@example.com,2023-01-31T05:34:39
a12ff633-d2d7-4107-9b65-e880f9744397,Oman,kylie.wright8200@example.com,2022-02-07T13:03:03
a925cc71-6b4f-424e-9154-5f76a2e767f1,Saint Helena,john.burke8848@example.com,2024-04-30T12:44:37
40e8d0d3-0343-4521-879b-c88e3bc5c9e7,Anguilla,justin.pugh8091@example.com,2024-07-18T11:09:44
2f68b75e-3558-4716-80ac-f38e40c7688a,Netherlands,nancy.harris7173@example.com,2023-11-30T04:24:33
30884585-c0e2-435b-a67a-7dcaa4f15944,Oman,jacob.myers1318@example.com,2021-12-23T10:30:56
34868c32-b953-4c36-9252-422249c39bc1,Dominican Republic,kristen.leon9799@example.com,2023-11-07T10:46:57
50ba5d1f-c2cb-4c81-88da-0fedd1082107,Northern Mariana Islands,paul.allen654@example.com,2024-04-09T07:20:16
5aa8b8c8-4a1c-42c9-b182-2bda0d163077,American Samoa,chad.oneal7079@example.com,2023-04-13T14:44:52
e4180c10-62f2-4fb1-9e8f-5b3ad9e558a9,Tokelau,sarah.anderson5281@example.com,2024-02-29T14:47:16
38184b6e-5a23-4659-8e82-3233bcf03cf4,China,robert.payne9892@example.com,2023-10-01T08:43:44
14de0950-2f52-4686-8900-a53cdd1c6251,Andorra,stephanie.townsend4103@example.com,2024-03-30T02:31:46
6e42891e-f4f0-4e12-98f6-c7ef03ea2c95,Armenia,carlos.baker424@example.com,2022-01-01T14:28:24
bd82b373-0ccd-4a08-9995-5745cf9b6df4,France,stacy.sanders1497@example.com,2024-06-02T02:50:42
67476eaa-77e9-4817-9fdb-a89c10456cb8,Jamaica,jennifer.wang3751@example.com,2024-09-23T21:25:41
7f33fda7-d045-4861-a911-e22233857f43,Martinique,richard.davidson9425@example.com,2024-05-13T15:55:48
313ec56b-3a53-43e7-87b5-a7b0c4103d7e,Belgium,eric.miller9620@example.com,2023-12-02T22:51:06
d455b467-d4cd-4a72-bf17-f56298c647c7,Cape Verde,samantha.mccann340@example.com,2024-01-10T22:06:22
b31756c1-0c61-4425-9f17-08a58b873af2,Serbia,mark.willis4416@example.com,2024-07-05T03:48:17
fd374ae1-7499-4d8e-850f-92b947c93db6,Qatar,erin.jones9442@example.com,2023-08-10T06:41:34
5caa8f02-f007-4ec4-8317-e708c3222ca8,Azerbaijan,jessica.mathis660@example.com,2022-10-14T10:53:49
375cd0ce-649a-4135-bc65-d69cbe985122,Korea,christopher.hamilton2871@example.com,2024-05-07T20:06:36
337f9a01-7f5b-4e81-acb0-575ddb2c228c,Saint Vincent and the Grenadines,chelsea.parker7709@example.com,2024-07-17T22:00:04
546a1ef7-045d-4110-9595-4eb4dc197d77,Russian Federation,joy.wilson8503@example.com,2022-04-30T19:39:27
206dfd23-a7c2-46e6-8446-a10dab6947a9,Zambia,jacqueline.martin7246@example.com,2023-03-22T06:08:06
02c74b5c-1f95-404d-a922-82526c397ad7,Saint Helena,alexandra.logan4558@example.com,2022-11-06T09:27:30
9f4f8e56-c39a-4c72-9c0c-7f14e659fb2b,Slovakia (Slovak Republic),gary.martinez2974@example.com,2022-11-21T04:17:50
b71ee683-d4fe-4115-9d0e-61255a8e5c2a,United Arab Emirates,jessica.wilson9591@example.com,2021-11-14T06:30:41
8f3a96d3-4ec1-4fa7-aa3d-2c6dd0f8b281,Mali,matthew.patterson7142@example.com,2022-01-06T21:21:05
a8b674e3-59cb-43d5-bcdc-6aabcfcd787f,Nigeria,jose.proctor8057@example.com,2022-01-27T09:24:36
042dcda4-0b0b-4661-b1a1-b804eb22e946,Azerbaijan,tyler.dixon1495@example.com,2023-11-14T18:50:31
e39881bc-e60b-4292-bfe8-d2401beae0ad,Cayman Islands,michele.jackson7701@example.com,2022-10-30T23:26:52
dbac03a2-199e-4441-a100-e78605e623fa,Peru,kerri.shannon5701@example.com,2022-03-27T19:58:46
9ce8f011-6f6f-4372-b361-c9110811b65c,Aruba,jeremy.hicks6691@example.com,2021-10-18T18:09:49
0eb7ad35-a441-4c60-87a9-53375560e390,Hungary,john.ruiz5461@example.com,2022-05-20T19:35:35
819b20a8-478b-4c3f-a022-a40264b61af7,Argentina,harold.horne5261@example.com,2024-02-05T12:19:27
e2505d9e-d154-45b8-bf2f-ff99cb8c0726,Palau,linda.klein1714@example.com,2023-07-13T03:15:07
706194ae-6967-4be0-acdb-9ceab43b84b8,United States Virgin Islands,jeffrey.wright2635@example.com,2023-02-08T16:04:39
5b5a6f9b-a5d5-4339-90be-667d3b3ab313,Holy See (Vatican City State),joseph.miller5404@example.com,2022-04-03T03:37:13
98cf2aa5-d9dc-461b-bdba-c2c31ddd25b1,Christmas Island,wayne.winters6745@example.com,2022-09-11T08:58:23
7b120a61-ae38-4d15-9052-c4797e912e76,Zimbabwe,linda.jarvis8118@example.com,2023-06-14T11:35:34
7d0391b5-a44d-4b7a-8c08-8d17268ce857,Finland,casey.marshall4723@example.com,2023-01-25T07:41:01
bb047479-d7b6-48a0-9f48-9940a8c01579,Algeria,mark.tran6562@example.com,2023-04-25T18:20:30
ffe10858-b7ca-446a-a244-df740d0b1228,Gabon,james.elliott9013@example.com,2024-05-24T00:37:23
d1f8e382-9f7c-4184-baa5-2f91df677b76,Lithuania,john.richardson602@example.com,2022-07-30T05:54:25
70b4d97d-c85e-425d-a519-5d81be23d019,South Africa,jessica.payne7452@example.com,2022-10-15T11:01:24
49004f24-68a7-499f-9e06-7b0853320723,Anguilla,edward.randolph1443@example.com,2022-09-26T14:48:59
9b89c1ad-5693-4d04-9afc-6dd615f1ca9d,Puerto Rico,amber.fields5154@example.com,2021-10-14T13:45:06
76f5d001-8afd-4561-a9f8-4ed50d5fbb9d,Palestinian Territory,stephanie.smith4136@example.com,2023-05-07T04:34:24
14e50e35-beeb-4806-b758-543118d0bfd5,Bosnia and Herzegovina,melinda.acosta5297@example.com,2022-08-14T10:13:54
72a9c9e0-57ef-41f5-8063-a714e720c1ed,Liechtenstein,alyssa.allen1900@example.com,2021-12-31T17:04:52
ebf15660-f87e-442f-a528-e161d8c918ed,Fiji,teresa.thomas6623@example.com,2022-02-21T04:18:56
88ee0870-d348-41d4-b584-aa95ba2075b1,Tanzania,bradley.hall8432@example.com,2023-12-16T02:03:33
4fcbc696-d474-460b-83e3-2d61df9a4301,Kuwait,robert.huang19@example.com,2022-02-08T13:25:21
626e7525-3cef-4dfb-945b-2fc0cce141cb,Northern Mariana Islands,beverly.wagner8890@example.com,2023-06-04T06:30:46
ad1aae64-4d68-483e-b914-50339facce05,Jordan,charles.bradley7570@example.com,2024-07-24T17:43:50
1cbb403e-6519-4ebd-adf0-aa1dba6eb1da,Eritrea,tamara.young6771@example.com,2023-02-01T00:24:52
4404e99c-6fd5-4737-8399-d4c9cd390318,Switzerland,sara.long889@example.com,2023-02-18T11:34:16
a6446c0d-af8b-4f3d-996d-887454634e30,Belarus,louis.nelson3074@example.com,2022-08-10T13:42:20
75984122-268e-4b98-a471-515469f719dc,Botswana,derek.carrillo8495@example.com,2022-05-29T02:09:23
c0309cf8-3cb0-4da5-8ad9-b22e0ec93792,Germany,daniel.cole5928@example.com,2023-06-23T03:55:03
74106179-efa7-4d47-a967-3361eb10201f,Sierra Leone,david.howard8168@example.com,2022-08-18T05:16:14
d0b1726b-f97a-4776-b444-9bd9efec3f4f,Timor-Leste,shannon.ford7243@example.com,2022-04-03T22:43:57
3698ef07-9d71-4dce-a1f9-4793552b3fff,Gabon,christopher.aguirre846@example.com,2024-09-28T09:19:49
24011a1e-545e-466c-ac4c-01316d920ee3,Syrian Arab Republic,heidi.williams3336@example.com,2023-02-20T21:03:52
581d537c-2dd1-41a0-a387-d4dd56e84fa0,Guinea-Bissau,eddie.dawson4376@example.com,2023-06-07T05:05:43
648218e1-8b17-43c9-87e6-c295ddc7ac35,Eritrea,william.byrd8999@example.com,2022-06-26T18:17:24
358c3d95-3527-4684-b04d-bbf660b8116e,Korea,anthony.sullivan2147@example.com,2024-02-10T07:29:22
616dfbc6-e1be-4eb9-9676-65c630d83426,Kyrgyz Republic,kaitlin.wright4720@example.com,2022-03-06T23:24:44
d6e6312c-13b6-448f-bfc6-8688bf7e3ed5,American Samoa,linda.taylor7179@example.com,2022-01-03T11:13:29
5a9b3938-e984-4a3b-b5a6-446db28e3371,Bulgaria,maria.haas7942@example.com,2022-08-03T10:57:57
c658fbd5-3f43-41df-8199-5cc97c412301,Niue,madison.watson1990@example.com,2024-06-27T03:37:50
6d1ea222-b50e-4003-8616-50b1af32f39c,United States Virgin Islands,christopher.willis473@example.com,2022-01-24T03:45:21
f662af5d-4e44-47cc-9ce3-72eeace8d908,United Kingdom,andrew.brown9976@example.com,2024-06-29T04:10:05
a1986062-8f80-445e-92c8-2e8796946470,United Kingdom,scott.anderson3921@example.com,2023-02-26T17:06:25
b1b9874e-8078-4f06-8cfa-c0f1dfa19f5b,Australia,david.dunlap2595@example.com,2022-06-17T15:07:21
fcc5db36-2328-4b66-b1e4-2252c2393442,Saint Kitts and Nevis,sandra.hamilton5092@example.com,2023-06-05T06:38:58
2a873edc-77b6-4a9c-95ce-1dce035ed575,Japan,tyler.reyes9025@example.com,2022-06-25T02:45:03
500b6bfa-81c6-4a5c-9f99-91dfbe427cef,Falkland Islands (Malvinas),michael.odonnell225@example.com,2022-12-08T09:45:54
80e608c3-59b1-48fb-94fa-545970607247,New Zealand,sean.hernandez9049@example.com,2024-05-18T12:36:21
56214af8-55bd-4e83-8f51-0936ea24c06d,Luxembourg,christina.holland6685@example.com,2023-07-01T16:12:49
09346527-e65f-4d17-941c-2d5c35f60c0a,Benin,nicole.mendoza1528@example.com,2022-12-08T06:50:09
4acbf0e2-0897-4d7b-8bc7-6d5fa23835c5,Norway,patrick.barnes3682@example.com,2023-12-25T11:48:00
0d78f282-8581-46ca-975a-e5155bae05e1,Mauritius,john.mcknight1859@example.com,2021-10-30T00:09:41
0b23c84b-3e2d-410c-ae83-2dcaed2e3dfc,Guinea-Bissau,veronica.casey7561@example.com,2023-10-14T19:57:47
51fde593-9fe9-42a8-bfdf-a0e8455ea3e6,United States Minor Outlying Islands,amy.washington1925@example.com,2024-02-25T09:01:59
7a127c95-53f1-4500-832c-aa519e170ea1,Cocos (Keeling) Islands,wayne.price2523@example.com,2021-11-09T03:43:44
93614e30-1870-438f-92d1-ce2a051fec63,Ukraine,luis.robinson8166@example.com,2022-12-10T01:57:36
030e6a45-eafd-452c-804b-a1a602a04000,Malta,brian.frey4782@example.com,2023-04-07T22:05:42
0200ba9d-b9be-4b4a-a721-6809cc7a484a,Cayman Islands,katie.key8338@example.com,2022-03-04T05:18:35
3c9a31af-21f7-4db7-b44e-0d6e692469c6,Marshall Islands,john.allen4480@example.com,2021-12-25T12:27:24
443c65db-df95-4d11-976d-b7ed29613d35,Montserrat,kathryn.gould6808@example.com,2023-05-26T01:28:20
b132cb43-a471-4129-a178-336269bb203b,Tanzania,michael.combs7906@example.com,2022-06-26T12:29:06
4b7e979e-75d5-4563-8a89-5692bf9e9e43,Sri Lanka,gregory.watkins7737@example.com,2024-09-17T09:26:04
5ad1fe30-d35b-497e-81d2-3512265e6664,Romania,michael.vargas3994@example.com,2024-09-21T22:49:51
2e4bb73e-48db-4c16-b0fc-f655af02ee59,Cambodia,michael.bradley7484@example.com,2024-02-21T10:15:07
83ce1b8d-2a0c-4804-a89d-6449d1a94ef0,Sudan,stacy.copeland9032@example.com,2023-11-03T07:34:24
e14115c3-1c19-492f-b457-c0f124fae6b8,Argentina,amber.thompson2370@example.com,2022-02-16T21:04:12
574e86a1-e17e-44d8-a4f4-845cd69ff1d0,Angola,brian.guzman6285@example.com,2023-12-26T11:27:15
ecf06a87-0efc-42f8-b989-300f9bf470ae,New Zealand,timothy.rivera3123@example.com,2022-08-08T15:10:03
a864349e-aef1-4c9c-a4af-4c554bbf0453,Christmas Island,lindsay.peterson9821@example.com,2023-02-14T08:17:47
0590ac5a-9f6f-4992-8050-e4c30da4e7f6,Romania,brian.hernandez8328@example.com,2022-05-07T17:13:30
7e9f26b4-b5cd-4007-aee6-4f272e218124,Tokelau,kim.mathis2237@example.com,2023-04-19T12:06:38
58e3af91-d0d9-4884-a3db-dd934f039f94,Western Sahara,susan.brooks1144@example.com,2024-07-24T06:22:58
fde7b2a2-f7a7-4736-9f09-9e8496d3afbe,Gabon,randall.garcia4527@example.com,2023-02-12T19:33:01
e609266c-4070-4330-a563-cdbffe8b8ee1,Yemen,derek.moore6799@example.com,2023-08-09T07:39:53
2493f966-f22f-4379-989d-687a00dab062,Pakistan,latoya.yu5569@example.com,2023-02-04T13:12:48
4495f0a9-70bc-414b-8812-00c50350dc6d,Puerto Rico,grant.novak8319@example.com,2024-05-10T00:45:37
a6d7ed97-987c-4f6d-8ae7-96cac41d308c,Myanmar,kristin.walker4378@example.com,2022-06-29T01:36:49
d1945b97-60df-43c5-8af7-b046796f777c,French Polynesia,nicholas.gross43@example.com,2022-04-15T11:55:20
4d50a459-9bf7-49b2-a0ef-d375b1c83456,Reunion,gregory.smith4635@example.com,2024-03-07T12:51:36
48ffd810-41e4-4cfa-a00a-077a9108801b,Mongolia,peter.gamble4892@example.com,2021-11-18T23:20:50
5aa22233-8b29-43c9-90de-fda66917728f,Sudan,ian.flores9617@example.com,2024-05-06T09:58:21
c795fdd6-3da1-41dc-802b-2487d88f9099,Vietnam,jeffrey.cunningham9502@example.com,2023-11-09T11:09:03
5f767b2b-438b-4686-b611-821e06150798,Dominica,donald.mcgee8023@example.com,2023-03-22T10:02:58
398e01cd-41b2-4a79-84d8-f8a1fc44d3bd,Turks and Caicos Islands,toni.jackson2435@example.com,2022-02-14T11:58:35
c4bc695f-a077-4a0c-b17d-421b2c0de38d,Saint Lucia,lorraine.santiago7317@example.com,2023-03-05T05:40:42
778cc99f-5565-4ec9-bc8e-75837332c570,Egypt,sean.baker8825@example.com,2024-09-10T11:30:30
f74b2e7e-8a6e-4ef8-92a9-60aa0294f230,Botswana,carlos.scott7936@example.com,2021-10-01T15:47:46
c6a917c9-bc59-4d2f-a877-fa8b230a332c,Italy,brandon.kim5655@example.com,2022-06-15T01:34:39
3fab5305-f265-4631-8c6a-116831a6238c,Honduras,nicole.snyder5447@example.com,2023-03-29T06:52:41
c677b5ea-887b-454a-8b66-057f97dec248,Lesotho,amy.garcia9043@example.com,2024-03-15T15:30:06
35054303-7542-4e58-9017-3c75d2c6ec25,Central African Republic,debra.mcdaniel8904@example.com,2023-08-31T17:14:44
d14e0f99-2044-47d0-bd44-88db023fe461,French Polynesia,charles.singleton6181@example.com,2021-10-30T20:35:35
1d37a44e-e988-4e0d-8737-4aa80e76e1b8,Barbados,lucas.lynn7461@example.com,2023-03-14T15:33:52
0754e0d8-e750-4985-bcc1-89846d0fcb41,Saint Martin,george.bennett5273@example.com,2022-01-24T04:19:26
a4e64098-f5a4-4069-aa20-81d3b965fff7,Bermuda,amy.villanueva3091@example.com,2023-03-08T15:44:31
af6a9c58-48fc-4b1f-a929-d64cb27864c2,Liberia,brooke.austin3913@example.com,2024-09-28T01:52:05
c81e3c4c-0a8c-44a7-847a-3e54e4d7e054,Chad,anthony.dunlap9369@example.com,2024-04-30T02:28:23
5f800acf-742d-49d2-bf42-ee733cb5676b,Bolivia,pamela.moore6275@example.com,2023-02-26T00:07:54
d03ba5a1-6d51-44b8-a187-c971fb044dab,Qatar,jamie.lee3827@example.com,2024-02-07T10:50:23
41674962-7f73-4d74-bb88-a8aa1c3c50c1,Estonia,jennifer.blair6731@example.com,2024-07-21T20:54:20
5937fd39-72f4-45b2-a5f0-66022918ac23,Australia,juan.young716@example.com,2023-06-02T00:29:14
5fce7673-03c2-4ee0-af2d-6bbc68c8a2e6,Cape Verde,ashley.larsen5214@example.com,2021-12-23T08:07:09
37c542ae-5fa3-4a0c-99b9-3142f2963d78,French Polynesia,michael.patterson7750@example.com,2024-07-24T01:56:02
63c2c38e-e936-4890-8983-c78575b63eec,Bhutan,colleen.castillo6247@example.com,2021-11-08T15:31:38
5ff66d84-5b94-453b-8332-eab9f29cf37d,Belgium,jamie.little6326@example.com,2023-10-05T08:01:28
ac6febc6-a66e-4aec-b408-292cc2abefc2,Indonesia,megan.parker2493@example.com,2023-10-01T06:06:46
c26ac863-017f-4087-9d80-61a5c30d31bb,Bermuda,tracy.guerrero8116@example.com,2024-06-22T18:32:39
4ab5d005-ff61-4ad8-becf-08a72d9d400e,Turks and Caicos Islands,amy.lopez607@example.com,2023-05-15T05:20:18
f74e6421-26d6-491c-b647-859a9dd2f743,Estonia,mike.griffin2069@example.com,2023-08-13T18:44:32
fe9d2618-2a9e-4ba4-a00b-7e6b00c4e0e9,Ethiopia,steven.perez8230@example.com,2024-02-23T04:40:07
450f8410-832c-4dc4-89b3-bed342b3182b,Papua New Guinea,bryan.goodwin9670@example.com,2022-02-26T21:21:58
9c2c2df3-d179-4dc9-b39c-8d8d4974ceae,Mauritania,christopher.cooper5440@example.com,2023-07-04T18:34:19
7c7a0db6-2460-41db-a89d-662d1688c98c,Mexico,tara.lawrence1645@example.com,2022-01-02T09:40:11
902281c1-075e-40cb-b9c7-d9ba654e377f,Italy,mary.cardenas7214@example.com,2024-01-09T13:27:19
a8a3995b-0c16-4a6b-879c-2e8d88604e46,Montenegro,gloria.mayer1634@example.com,2022-09-30T17:24:08
6009bb95-0382-4948-95e3-62995556906b,United Kingdom,thomas.miller8618@example.com,2021-11-22T14:48:11
5360d066-b7b7-45a0-b432-e07cdac8977c,South Georgia and the South Sandwich Islands,wayne.lester7487@example.com,2024-03-05T10:33:04
74e5d2bb-b994-4e06-830a-7aee22485a04,British Indian Ocean Territory (Chagos Archipelago),erica.oliver252@example.com,2023-08-28T05:26:45
ba4092e4-1fb9-4cc0-8ac6-d226dcb859bb,Croatia,gerald.joyce2362@example.com,2022-07-26T01:22:49
a14d5751-6393-4eb1-8a4a-559f3097413a,Pitcairn Islands,david.henderson6718@example.com,2023-08-07T00:40:04
d59e51f5-b047-4fe7-9365-49f588e2f1b7,Cameroon,james.carson2530@example.com,2024-04-11T01:00:56
1baf3d8a-2f6a-4598-961b-37fdb4d581f6,United States Virgin Islands,jonathan.bartlett1226@example.com,2022-01-11T18:25:04
5b357e5a-39ed-423c-a9bb-18bccd0f1f31,Mexico,christopher.hawkins7693@example.com,2023-02-18T06:55:10
9151cd04-a6fe-4586-a009-ac4070b47565,United States Virgin Islands,melissa.stone4343@example.com,2021-10-18T20:59:12
5f229558-20c2-417a-97c4-99f48cac3faf,Maldives,kristin.dean5547@example.com,2023-07-13T11:37:23
a964d514-b1db-4247-a8e9-e2980d8c3b33,Mongolia,daniel.hernandez6513@example.com,2024-03-30T23:48:15
f36a884f-7b95-4e6c-ae7e-95ca46ef268b,Bolivia,brandi.hanna1316@example.com,2022-03-12T18:22:57
31439b96-1fb7-4ec0-945e-961f71e9d5d9,France,anna.garcia5384@example.com,2024-01-09T17:53:40
ef9dd327-4c9e-4bd9-b9ca-68d86e1e6311,Estonia,nicole.humphrey8743@example.com,2023-05-17T16:55:36
d322c1e8-3f79-4c61-84af-dfe809b30cd9,Lebanon,diana.armstrong6227@example.com,2021-11-26T20:51:09
33f19ef5-747f-4edc-a1a4-4ae8aa1c53b9,Nicaragua,gerald.powell5189@example.com,2024-05-02T04:20:38
43493d79-ab5c-4dc4-a8f0-a33b908dd951,Indonesia,erin.morales7995@example.com,2023-02-26T15:01:33
94b4c0b9-24cb-4176-be80-f09106421548,Lebanon,hannah.williams8865@example.com,2022-11-20T21:34:53
70d307f0-bd91-43ad-9da0-af0dfedb0588,Svalbard & Jan Mayen Islands,penny.smith589@example.com,2023-01-13T10:44:19
f1ee018b-586b-48ab-af0b-57f2d1478493,Togo,larry.cameron1122@example.com,2024-09-15T03:36:31
c994ccdc-a1b1-488f-8a8f-4253ae230380,Denmark,gail.compton3847@example.com,2022-04-26T10:17:11
4e0c16f7-2880-40fd-8951-40fc090f3982,Singapore,kevin.manning4709@example.com,2023-02-10T02:52:08
20f895a5-092f-4248-8e37-4838a5339fa2,Oman,joseph.butler3728@example.com,2022-02-15T08:53:10
a7e5b746-f043-46f4-a7d4-cdb9d6fca10b,Swaziland,jacob.lewis1481@example.com,2023-06-24T04:26:32
992a00b4-778f-442a-89bf-c1671e9c0368,Trinidad and Tobago,joyce.malone7111@example.com,2023-05-03T12:24:50
bc7695dc-43c6-4f93-8b44-bd1d82e0c9be,Cayman Islands,lori.robertson1613@example.com,2022-01-09T14:24:32
a3ddb485-3f29-4315-a912-ef3615ee76d3,Burkina Faso,larry.hunter1647@example.com,2023-12-23T02:50:16
bb5be828-b89b-4e93-b12e-1f0c88b14b2d,Congo,natasha.johnson7270@example.com,2022-08-07T11:40:03
4121ad8a-2db5-4310-8c8d-478d64d7e0ff,Korea,mary.wright2726@example.com,2021-12-17T05:01:03
c9b74bb3-f4e7-4809-8121-63a51efed062,Falkland Islands (Malvinas),samantha.bush4907@example.com,2023-04-24T21:11:10
1a3b2484-2fae-405a-a5fc-fde7bca465b1,Norfolk Island,madison.wagner475@example.com,2022-04-10T02:20:45
0c8b52ac-b6d1-4878-9cea-4d098c8be771,Liechtenstein,erin.allen754@example.com,2024-04-09T11:34:53
2615d434-612e-4cdf-b042-d6c7e8d54147,Lebanon,sean.horne5315@example.com,2024-03-29T08:30:45
0614f7a0-35a5-4c3f-9899-f4ad857d65ff,Taiwan,andrea.cooper920@example.com,2022-11-05T11:34:19
0906ff94-a07b-41d5-9f25-db3f640a1ea2,Finland,kaitlyn.barker4807@example.com,2021-11-11T07:27:34
684678aa-43e4-4200-bab8-ec674117a4e2,Montenegro,paul.martin5874@example.com,2022-08-28T14:24:25
b98250c4-6458-4b46-83f4-5f9665989509,Philippines,mercedes.holland6142@example.com,2022-08-16T19:31:15
be1246d3-ea60-47f2-b8ef-82509345c409,Angola,joseph.ortiz7057@example.com,2024-08-24T10:16:50
a26adbd1-ed98-4927-8a87-7eabf0230bae,Oman,alan.buck2386@example.com,2022-06-25T17:25:10
773d3e1f-5cdf-43f6-9168-2ef11b2c46fb,El Salvador,carolyn.smith4001@example.com,2024-05-01T16:44:05
31aef1f8-739d-4219-8ac1-50782f09cb3f,Russian Federation,linda.torres8703@example.com,2024-06-24T03:07:36
23452c6b-dab1-48c2-8ddc-435a949ffa9b,Timor-Leste,joshua.woodard6752@example.com,2023-03-25T08:51:08
ecf98fc4-df1d-4e60-8f9d-cecf3ff06c78,Gabon,stephen.robinson9273@example.com,2024-08-16T15:44:01
1aad0852-9b60-48e3-9c54-e690131780ea,Mozambique,abigail.hanson2951@example.com,2022-03-07T14:30:10
1740434f-7ff4-427d-b986-4d337e75c246,Tajikistan,adrian.key2786@example.com,2023-05-04T00:19:40
40bf2b7f-3e08-47ab-b128-42ed44aaeb8b,Finland,anna.wheeler2869@example.com,2023-01-06T08:01:12
be40edc9-53cd-4d39-96f4-ee7c28e3c967,Guadeloupe,gabrielle.olson1294@example.com,2022-12-03T04:04:25
d5a497d0-751e-4949-985d-810979ab0a0a,Eritrea,danielle.hensley9986@example.com,2024-07-14T21:56:34
b9bb6bec-9ad8-46d5-a94b-105b704cc21d,French Southern Territories,jennifer.stafford6268@example.com,2022-07-19T06:36:14
e3c774e7-40fa-4df9-bb1a-2ccdbdd8ce55,United Arab Emirates,edward.cannon3946@example.com,2021-12-26T20:44:39
dacedff0-5c2e-40fd-8168-7f2d9ddd48b8,Nepal,linda.lang8154@example.com,2023-06-19T09:54:44
fe73fe08-be2f-4a46-aaf0-0de7c8032203,Saint Helena,donna.becker9555@example.com,2021-11-08T05:04:20
d75a222f-0b1d-49dc-a15d-61d855628b5a,Eritrea,diana.bright2345@example.com,2023-07-11T21:17:27
addb30a0-0874-43bc-b1e1-f87c1853d762,Mozambique,richard.doyle3805@example.com,2024-03-06T07:19:07
d471b278-7ba8-4c56-9e4e-0b2123450ecf,Rwanda,lisa.cooper7556@example.com,2022-09-10T02:19:54
0751387b-78a4-403f-9960-7f1efd389bac,Lebanon,gina.little4162@example.com,2024-08-08T09:06:12
d6f98d64-2d28-42d8-b7a0-3277cc2592d9,Chile,michael.evans7530@example.com,2024-07-17T05:41:00
c929f2b2-723f-4a2b-81df-86ee740f57dc,Bhutan,nancy.white4184@example.com,2023-10-01T00:00:51
c9f9a4da-07a7-40b4-b175-13f82c4f1e80,Sri Lanka,david.green154@example.com,2024-02-15T02:14:30
